timestamp,action,confidence,accuracy,f1,precision,recall,cpu,dram,time
1695569817.280774,retraining,-1,0.488,0.0,0.0,0.0,7144812520.0,479464349.0,196887844.715
1695569903.7060246,inference,"[[0.5222806279356689, 0.477719372064331]]",1.0,0.0,0.0,0.0,3825307.0,157348.0,107324.362
1695569904.6939785,inference,"[[0.5222806279356689, 0.477719372064331]]",1.0,0.0,0.0,0.0,3138725.0,140930.0,87908.939
1695569905.6919036,inference,"[[0.5222806279356689, 0.477719372064331]]",1.0,0.0,0.0,0.0,3091728.0,138245.0,81067.545
1695569906.682128,inference,"[[0.5222806279356689, 0.477719372064331]]",0.0,0.0,0.0,0.0,2908318.0,134277.0,80511.207
1695569907.6845126,inference,"[[0.5222806279356689, 0.477719372064331]]",1.0,0.0,0.0,0.0,2952446.0,135986.0,80255.13
1695569908.6909003,inference,"[[0.5222806279356689, 0.477719372064331]]",0.0,0.0,0.0,0.0,2890190.0,136596.0,78861.636
1695569909.7047832,inference,"[[0.5222806279356689, 0.477719372064331]]",1.0,0.0,0.0,0.0,3104118.0,137390.0,80676.744
1695569910.7051885,inference,"[[0.5222806279356689, 0.477719372064331]]",0.0,0.0,0.0,0.0,2866631.0,131286.0,78713.758
1695569911.7108705,inference,"[[0.5222806279356689, 0.477719372064331]]",1.0,0.0,0.0,0.0,2947075.0,135071.0,79187.728
1695569912.7276936,inference,"[[0.5222806279356689, 0.477719372064331]]",1.0,0.0,0.0,0.0,2932426.0,133972.0,79648.753
1695569913.7264166,inference,"[[0.5222806279356689, 0.477719372064331]]",1.0,0.0,0.0,0.0,2913323.0,133240.0,78791.942
1695569914.7596,inference,"[[0.5222806279356689, 0.477719372064331]]",0.0,0.0,0.0,0.0,2936577.0,134644.0,81919.105
1695569915.7551687,inference,"[[0.5222806279356689, 0.477719372064331]]",1.0,0.0,0.0,0.0,2791558.0,131164.0,78449.536
1695569916.7576234,inference,"[[0.5222806279356689, 0.477719372064331]]",1.0,0.0,0.0,0.0,2883233.0,132202.0,78210.169
1695569917.757623,inference,"[[0.5222806279356689, 0.477719372064331]]",1.0,0.0,0.0,0.0,2804253.0,131347.0,78020.367
1695569918.8235846,inference,"[[0.5222806279356689, 0.477719372064331]]",1.0,0.0,0.0,0.0,2868217.0,132812.0,78387.113
1695569919.7847714,inference,"[[0.5222806279356689, 0.477719372064331]]",1.0,0.0,0.0,0.0,2889824.0,132446.0,78366.38
1695569920.772492,inference,"[[0.5222806279356689, 0.477719372064331]]",1.0,0.0,0.0,0.0,2886894.0,130981.0,79643.243
1695569921.7778604,inference,"[[0.5222806279356689, 0.477719372064331]]",0.0,0.0,0.0,0.0,2820183.0,131653.0,77974.065
1695569922.7994163,inference,"[[0.5222806279356689, 0.477719372064331]]",0.0,0.0,0.0,0.0,2776238.0,131347.0,78540.944
1695569923.7910461,inference,"[[0.5222806279356689, 0.477719372064331]]",0.0,0.0,0.0,0.0,2844658.0,130432.0,77922.067
1695569924.8024309,inference,"[[0.5222806279356689, 0.477719372064331]]",1.0,0.0,0.0,0.0,2883660.0,133361.0,79781.244
1695569925.807269,inference,"[[0.5222806279356689, 0.477719372064331]]",0.0,0.0,0.0,0.0,2812065.0,131469.0,79222.61
1695569926.8176005,inference,"[[0.5222806279356689, 0.477719372064331]]",0.0,0.0,0.0,0.0,2891166.0,131897.0,80481.767
1695569927.8373988,inference,"[[0.5222806279356689, 0.477719372064331]]",1.0,0.0,0.0,0.0,2903923.0,133117.0,80705.043
1695569928.8539448,inference,"[[0.5222806279356689, 0.477719372064331]]",0.0,0.0,0.0,0.0,3032585.0,136719.0,84750.158
1695569929.8538806,inference,"[[0.5222806279356689, 0.477719372064331]]",0.0,0.0,0.0,0.0,2963127.0,134765.0,82903.863
1695569930.9384844,inference,"[[0.5222806279356689, 0.477719372064331]]",1.0,0.0,0.0,0.0,2955315.0,134826.0,79784.727
1695569931.8714075,inference,"[[0.5222806279356689, 0.477719372064331]]",1.0,0.0,0.0,0.0,2894951.0,132507.0,79305.768
1695569932.87008,inference,"[[0.5222806279356689, 0.477719372064331]]",1.0,0.0,0.0,0.0,2835747.0,132019.0,78366.768
1695569934.0286121,inference,"[[0.5222806279356689, 0.477719372064331]]",0.0,0.0,0.0,0.0,2973320.0,137389.0,80313.557
1695569934.8675237,inference,"[[0.5222806279356689, 0.477719372064331]]",1.0,0.0,0.0,0.0,2884636.0,132568.0,78663.329
1695569935.8788075,inference,"[[0.5222806279356689, 0.477719372064331]]",0.0,0.0,0.0,0.0,2901909.0,132019.0,79262.936
1695569936.9874413,inference,"[[0.5222806279356689, 0.477719372064331]]",0.0,0.0,0.0,0.0,2875542.0,132996.0,79262.031
1695569937.8918748,inference,"[[0.5222806279356689, 0.477719372064331]]",1.0,0.0,0.0,0.0,2808343.0,131591.0,77823.149
1695569938.8964653,inference,"[[0.5222806279356689, 0.477719372064331]]",0.0,0.0,0.0,0.0,2868218.0,131714.0,79984.583
1695569939.9062357,inference,"[[0.5222806279356689, 0.477719372064331]]",1.0,0.0,0.0,0.0,3080864.0,137573.0,83084.54
1695569940.9074516,inference,"[[0.5222806279356689, 0.477719372064331]]",0.0,0.0,0.0,0.0,2881706.0,131836.0,78410.099
1695569941.9178698,inference,"[[0.5222806279356689, 0.477719372064331]]",1.0,0.0,0.0,0.0,2804985.0,130859.0,78450.899
1695569942.9266846,inference,"[[0.5222806279356689, 0.477719372064331]]",0.0,0.0,0.0,0.0,2903008.0,133666.0,79509.67
1695569943.9460332,inference,"[[0.5222806279356689, 0.477719372064331]]",1.0,0.0,0.0,0.0,2905388.0,133606.0,79557.617
1695569944.9362957,inference,"[[0.5222806279356689, 0.477719372064331]]",1.0,0.0,0.0,0.0,2852593.0,132568.0,78336.836
1695569945.944145,inference,"[[0.5222806279356689, 0.477719372064331]]",0.0,0.0,0.0,0.0,2921074.0,134887.0,79123.694
1695569946.958295,inference,"[[0.5222806279356689, 0.477719372064331]]",1.0,0.0,0.0,0.0,2873100.0,131836.0,78997.883
1695569947.9781408,inference,"[[0.5222806279356689, 0.477719372064331]]",0.0,0.0,0.0,0.0,2812431.0,132873.0,77984.391
1695569949.0042825,inference,"[[0.5222806279356689, 0.477719372064331]]",0.0,0.0,0.0,0.0,2899101.0,134155.0,78599.201
1695569949.9772115,inference,"[[0.5222806279356689, 0.477719372064331]]",1.0,0.0,0.0,0.0,2979790.0,136108.0,82676.55
1695569950.9953597,inference,"[[0.5222806279356689, 0.477719372064331]]",1.0,0.0,0.0,0.0,3149040.0,140625.0,83061.734
1695569951.9981592,inference,"[[0.5222806279356689, 0.477719372064331]]",0.0,0.0,0.0,0.0,2933098.0,135437.0,80780.075
1695569952.9911783,inference,"[[0.5222806279356689, 0.477719372064331]]",1.0,0.0,0.0,0.0,2890618.0,132507.0,79319.8
1695569953.9984648,inference,"[[0.5222806279356689, 0.477719372064331]]",0.0,0.0,0.0,0.0,2855034.0,133178.0,78764.9
1695569955.0159073,inference,"[[0.5222806279356689, 0.477719372064331]]",0.0,0.0,0.0,0.0,2917534.0,134704.0,78898.069
1695569956.0145142,inference,"[[0.5222806279356689, 0.477719372064331]]",1.0,0.0,0.0,0.0,2862236.0,133789.0,79417.303
1695569957.0188591,inference,"[[0.5222806279356689, 0.477719372064331]]",0.0,0.0,0.0,0.0,2932609.0,133484.0,79225.269
1695569958.0653007,inference,"[[0.5222806279356689, 0.477719372064331]]",1.0,0.0,0.0,0.0,4240041.0,165404.0,93360.087
1695569959.0653899,inference,"[[0.5222806279356689, 0.477719372064331]]",1.0,0.0,0.0,0.0,2954521.0,138183.0,80291.84
1695569960.0393507,inference,"[[0.5222806279356689, 0.477719372064331]]",0.0,0.0,0.0,0.0,2783685.0,131652.0,79588.253
1695569961.0688717,inference,"[[0.5222806279356689, 0.477719372064331]]",0.0,0.0,0.0,0.0,3000603.0,140624.0,80284.427
1695569962.0601923,inference,"[[0.5222806279356689, 0.477719372064331]]",1.0,0.0,0.0,0.0,2972893.0,138916.0,80623.903
1695569963.0584016,inference,"[[0.5222806279356689, 0.477719372064331]]",0.0,0.0,0.0,0.0,2972465.0,134399.0,79744.44
1695569964.0830011,inference,"[[0.5222806279356689, 0.477719372064331]]",0.0,0.0,0.0,0.0,3293998.0,146240.0,82821.661
1695569965.0748546,inference,"[[0.5222806279356689, 0.477719372064331]]",1.0,0.0,0.0,0.0,3134452.0,141540.0,86169.195
1695569966.075401,inference,"[[0.5222806279356689, 0.477719372064331]]",1.0,0.0,0.0,0.0,2959220.0,135803.0,79464.053
1695569967.108241,inference,"[[0.5222806279356689, 0.477719372064331]]",0.0,0.0,0.0,0.0,3006950.0,137634.0,79995.616
1695569968.1121447,inference,"[[0.5222806279356689, 0.477719372064331]]",0.0,0.0,0.0,0.0,2921685.0,135314.0,78936.966
1695569969.0921466,inference,"[[0.5222806279356689, 0.477719372064331]]",0.0,0.0,0.0,0.0,2945793.0,135253.0,79143.747
1695569970.1076806,inference,"[[0.5222806279356689, 0.477719372064331]]",1.0,0.0,0.0,0.0,2935295.0,138611.0,79069.329
1695569971.1130853,inference,"[[0.5222806279356689, 0.477719372064331]]",1.0,0.0,0.0,0.0,3034843.0,137267.0,80831.601
1695569972.1355484,inference,"[[0.5222806279356689, 0.477719372064331]]",1.0,0.0,0.0,0.0,3013725.0,138366.0,80899.775
1695569973.1388192,inference,"[[0.5222806279356689, 0.477719372064331]]",0.0,0.0,0.0,0.0,3036979.0,139038.0,80287.709
1695569974.1371493,inference,"[[0.5222806279356689, 0.477719372064331]]",1.0,0.0,0.0,0.0,3013237.0,138488.0,81104.923
1695569975.139779,inference,"[[0.5222806279356689, 0.477719372064331]]",0.0,0.0,0.0,0.0,2888847.0,135619.0,78748.092
1695569976.1422129,inference,"[[0.5222806279356689, 0.477719372064331]]",1.0,0.0,0.0,0.0,2931755.0,135132.0,79246.101
1695569977.1540496,inference,"[[0.5222806279356689, 0.477719372064331]]",0.0,0.0,0.0,0.0,2938164.0,138367.0,81668.713
1695569978.159721,inference,"[[0.5222806279356689, 0.477719372064331]]",1.0,0.0,0.0,0.0,2944694.0,134826.0,79537.973
1695569979.168744,inference,"[[0.5222806279356689, 0.477719372064331]]",1.0,0.0,0.0,0.0,3024589.0,137390.0,83065.494
1695569980.1735666,inference,"[[0.5222806279356689, 0.477719372064331]]",0.0,0.0,0.0,0.0,2839104.0,133605.0,80565.918
1695569981.1795835,inference,"[[0.5222806279356689, 0.477719372064331]]",1.0,0.0,0.0,0.0,2836419.0,130554.0,78550.647
1695569982.189614,inference,"[[0.5222806279356689, 0.477719372064331]]",0.0,0.0,0.0,0.0,2822929.0,131164.0,77791.192
1695569983.1972256,inference,"[[0.5222806279356689, 0.477719372064331]]",0.0,0.0,0.0,0.0,2853021.0,134338.0,80349.345
1695569984.2045937,inference,"[[0.5222806279356689, 0.477719372064331]]",1.0,0.0,0.0,0.0,3027702.0,135254.0,82038.693
1695569985.2262745,inference,"[[0.5222806279356689, 0.477719372064331]]",0.0,0.0,0.0,0.0,2877251.0,131714.0,78204.188
1695569986.2184303,inference,"[[0.5222806279356689, 0.477719372064331]]",0.0,0.0,0.0,0.0,2828057.0,133667.0,78789.04
1695569987.2207057,inference,"[[0.5222806279356689, 0.477719372064331]]",1.0,0.0,0.0,0.0,2932793.0,135315.0,82338.127
1695569988.2339046,inference,"[[0.5222806279356689, 0.477719372064331]]",1.0,0.0,0.0,0.0,2881462.0,132812.0,79073.848
1695569989.237104,inference,"[[0.5222806279356689, 0.477719372064331]]",0.0,0.0,0.0,0.0,2836602.0,131958.0,78684.152
1695569990.2414227,inference,"[[0.5222806279356689, 0.477719372064331]]",0.0,0.0,0.0,0.0,2816765.0,133361.0,78502.184
1695569991.2863271,inference,"[[0.5222806279356689, 0.477719372064331]]",1.0,0.0,0.0,0.0,3030998.0,137817.0,81335.454
1695569992.3043978,inference,"[[0.5222806279356689, 0.477719372064331]]",1.0,0.0,0.0,0.0,2996269.0,138000.0,79715.127
1695569993.267884,inference,"[[0.5222806279356689, 0.477719372064331]]",1.0,0.0,0.0,0.0,2930046.0,133972.0,79179.492
1695569994.2879784,inference,"[[0.5222806279356689, 0.477719372064331]]",1.0,0.0,0.0,0.0,2902825.0,133605.0,78932.141
1695569995.2919178,inference,"[[0.5222806279356689, 0.477719372064331]]",0.0,0.0,0.0,0.0,3006157.0,136413.0,81196.496
1695569996.2888858,inference,"[[0.5222806279356689, 0.477719372064331]]",1.0,0.0,0.0,0.0,2981193.0,134460.0,80994.139
1695569997.28888,inference,"[[0.5222806279356689, 0.477719372064331]]",1.0,0.0,0.0,0.0,2915337.0,134338.0,79936.979
1695569998.3890145,inference,"[[0.5222806279356689, 0.477719372064331]]",0.0,0.0,0.0,0.0,2846673.0,132018.0,80190.133
1695569999.2986615,inference,"[[0.5222806279356689, 0.477719372064331]]",1.0,0.0,0.0,0.0,2932671.0,133422.0,78757.923
1695570000.3260686,inference,"[[0.5222806279356689, 0.477719372064331]]",0.0,0.0,0.0,0.0,3114250.0,136901.0,85997.657
1695570001.3403249,inference,"[[0.5222806279356689, 0.477719372064331]]",0.0,0.0,0.0,0.0,2911308.0,133728.0,81189.947
1695570002.3350265,inference,"[[0.5222806279356689, 0.477719372064331]]",1.0,0.0,0.0,0.0,2850335.0,133544.0,79216.974
1695570003.3263257,inference,"[[0.5222806279356689, 0.477719372064331]]",1.0,0.0,0.0,0.0,2921379.0,132568.0,78748.235
1695570004.3524337,inference,"[[0.5222806279356689, 0.477719372064331]]",1.0,0.0,0.0,0.0,2824944.0,130493.0,78497.239
1695570005.340655,inference,"[[0.5222806279356689, 0.477719372064331]]",0.0,0.0,0.0,0.0,2786248.0,130188.0,78457.715
1695570006.3472323,inference,"[[0.5222806279356689, 0.477719372064331]]",0.0,0.0,0.0,0.0,2858818.0,131043.0,78079.011
1695570007.3721879,inference,"[[0.5222806279356689, 0.477719372064331]]",1.0,0.0,0.0,0.0,2908013.0,135009.0,79300.772
1695570008.3611197,inference,"[[0.5222806279356689, 0.477719372064331]]",0.0,0.0,0.0,0.0,2804558.0,131896.0,78399.83
1695570009.3713255,inference,"[[0.5222806279356689, 0.477719372064331]]",0.0,0.0,0.0,0.0,2858147.0,132507.0,78342.238
1695570010.3746722,inference,"[[0.5222806279356689, 0.477719372064331]]",1.0,0.0,0.0,0.0,2859245.0,130982.0,77946.943
1695570011.3918753,inference,"[[0.5222806279356689, 0.477719372064331]]",1.0,0.0,0.0,0.0,2917168.0,133544.0,79852.997
1695570012.4062548,inference,"[[0.5222806279356689, 0.477719372064331]]",1.0,0.0,0.0,0.0,2927178.0,134704.0,78484.846
1695570013.482674,inference,"[[0.5222806279356689, 0.477719372064331]]",1.0,0.0,0.0,0.0,2897575.0,133300.0,79451.731
1695570014.448006,inference,"[[0.5222806279356689, 0.477719372064331]]",1.0,0.0,0.0,0.0,2852837.0,131408.0,78653.548
1695570015.5066757,inference,"[[0.5222806279356689, 0.477719372064331]]",1.0,0.0,0.0,0.0,2977714.0,134277.0,80002.085
1695570016.426717,inference,"[[0.5222806279356689, 0.477719372064331]]",1.0,0.0,0.0,0.0,2889336.0,130371.0,78112.428
1695570017.43447,inference,"[[0.5222806279356689, 0.477719372064331]]",0.0,0.0,0.0,0.0,2904107.0,133240.0,80960.416
1695570018.4262059,inference,"[[0.5222806279356689, 0.477719372064331]]",0.0,0.0,0.0,0.0,2800896.0,129272.0,77354.522
1695570019.435887,inference,"[[0.5222806279356689, 0.477719372064331]]",1.0,0.0,0.0,0.0,2914787.0,131408.0,78568.51
1695570020.4514992,inference,"[[0.5222806279356689, 0.477719372064331]]",1.0,0.0,0.0,0.0,2907708.0,132751.0,78262.328
1695570021.4738007,inference,"[[0.5222806279356689, 0.477719372064331]]",1.0,0.0,0.0,0.0,2948662.0,134094.0,81231.02
1695570022.4801967,inference,"[[0.5222806279356689, 0.477719372064331]]",1.0,0.0,0.0,0.0,2924370.0,132873.0,79822.686
1695570023.4692788,inference,"[[0.5222806279356689, 0.477719372064331]]",0.0,0.0,0.0,0.0,3035942.0,140442.0,81925.35
1695570247.766168,retraining,-1,0.4951171875,0.0,0.0,0.0,7383654621.0,503623283.0,207302371.008
1695570324.5931747,inference,"[[0.5224505664768939, 0.4775494335231059]]",0.0,0.0,0.0,0.0,2939995.0,134887.0,83649.717
1695570325.59624,inference,"[[0.5224505664768939, 0.4775494335231059]]",1.0,0.0,0.0,0.0,3426627.0,149047.0,92505.362
1695570326.592793,inference,"[[0.5224505664768939, 0.4775494335231059]]",1.0,0.0,0.0,0.0,3021415.0,138488.0,83040.095
1695570327.608539,inference,"[[0.5224505664768939, 0.4775494335231059]]",0.0,0.0,0.0,0.0,2946221.0,135863.0,80363.591
1695570328.60614,inference,"[[0.5224505664768939, 0.4775494335231059]]",1.0,0.0,0.0,0.0,2954277.0,135193.0,81418.889
1695570329.6073062,inference,"[[0.5224505664768939, 0.4775494335231059]]",0.0,0.0,0.0,0.0,3023368.0,137085.0,82072.289
1695570330.6210418,inference,"[[0.5224505664768939, 0.4775494335231059]]",0.0,0.0,0.0,0.0,2914055.0,133423.0,80370.59
1695570331.630707,inference,"[[0.5224505664768939, 0.4775494335231059]]",1.0,0.0,0.0,0.0,3004082.0,136352.0,82497.068
1695570332.667194,inference,"[[0.5224505664768939, 0.4775494335231059]]",1.0,0.0,0.0,0.0,3065605.0,138427.0,84072.757
1695570333.6428924,inference,"[[0.5224505664768939, 0.4775494335231059]]",1.0,0.0,0.0,0.0,2925103.0,135314.0,81211.494
1695570334.6485672,inference,"[[0.5224505664768939, 0.4775494335231059]]",0.0,0.0,0.0,0.0,2980461.0,136535.0,81783.424
1695570335.686335,inference,"[[0.5224505664768939, 0.4775494335231059]]",1.0,0.0,0.0,0.0,3112113.0,138183.0,83154.917
1695570336.671121,inference,"[[0.5224505664768939, 0.4775494335231059]]",1.0,0.0,0.0,0.0,2973381.0,135497.0,81224.267
1695570337.7010374,inference,"[[0.5224505664768939, 0.4775494335231059]]",0.0,0.0,0.0,0.0,3003777.0,135924.0,81190.963
1695570338.6713207,inference,"[[0.5224505664768939, 0.4775494335231059]]",0.0,0.0,0.0,0.0,2959343.0,135071.0,82330.667
1695570339.7045217,inference,"[[0.5224505664768939, 0.4775494335231059]]",0.0,0.0,0.0,0.0,2947441.0,135559.0,80802.492
1695570340.7108772,inference,"[[0.5224505664768939, 0.4775494335231059]]",0.0,0.0,0.0,0.0,2930962.0,134948.0,80418.653
1695570341.7059956,inference,"[[0.5224505664768939, 0.4775494335231059]]",1.0,0.0,0.0,0.0,3054557.0,137451.0,82039.279
1695570342.6965678,inference,"[[0.5224505664768939, 0.4775494335231059]]",1.0,0.0,0.0,0.0,2983696.0,136169.0,81063.608
1695570343.724488,inference,"[[0.5224505664768939, 0.4775494335231059]]",0.0,0.0,0.0,0.0,2973198.0,135497.0,81797.286
1695570344.7123806,inference,"[[0.5224505664768939, 0.4775494335231059]]",0.0,0.0,0.0,0.0,2920830.0,134094.0,81185.253
1695570345.7267523,inference,"[[0.5224505664768939, 0.4775494335231059]]",1.0,0.0,0.0,0.0,2976493.0,135864.0,82559.617
1695570346.7373166,inference,"[[0.5224505664768939, 0.4775494335231059]]",1.0,0.0,0.0,0.0,2975701.0,135803.0,80757.982
1695570347.7678146,inference,"[[0.5224505664768939, 0.4775494335231059]]",1.0,0.0,0.0,0.0,2935966.0,134155.0,81776.808
1695570348.7423704,inference,"[[0.5224505664768939, 0.4775494335231059]]",1.0,0.0,0.0,0.0,2998162.0,135986.0,81942.22
1695570349.7467666,inference,"[[0.5224505664768939, 0.4775494335231059]]",0.0,0.0,0.0,0.0,2936516.0,135620.0,81621.998
1695570350.7549725,inference,"[[0.5224505664768939, 0.4775494335231059]]",1.0,0.0,0.0,0.0,2917656.0,134644.0,81131.725
1695570351.7691085,inference,"[[0.5224505664768939, 0.4775494335231059]]",0.0,0.0,0.0,0.0,2960503.0,136535.0,81511.702
1695570352.7748754,inference,"[[0.8753071037255205, 0.12469289627447969]]",1.0,0.0,0.0,0.0,3094658.0,138733.0,86162.673
1695570353.780527,inference,"[[0.5224505664768939, 0.4775494335231059]]",1.0,0.0,0.0,0.0,2999870.0,137817.0,82209.321
1695570354.7799187,inference,"[[0.5224505664768939, 0.4775494335231059]]",0.0,0.0,0.0,0.0,2916253.0,135009.0,81080.779
1695570355.8086572,inference,"[[0.5224505664768939, 0.4775494335231059]]",0.0,0.0,0.0,0.0,2994499.0,135986.0,81860.889
1695570356.7963452,inference,"[[0.5224505664768939, 0.4775494335231059]]",1.0,0.0,0.0,0.0,2964897.0,135558.0,81385.523
1695570357.8234687,inference,"[[0.5224505664768939, 0.4775494335231059]]",0.0,0.0,0.0,0.0,2963433.0,136413.0,80582.076
1695570358.8080363,inference,"[[0.5224505664768939, 0.4775494335231059]]",0.0,0.0,0.0,0.0,2954827.0,133911.0,81413.114
1695570359.8226817,inference,"[[0.5224505664768939, 0.4775494335231059]]",0.0,0.0,0.0,0.0,2978264.0,137573.0,81280.737
1695570360.821134,inference,"[[0.5224505664768939, 0.4775494335231059]]",1.0,0.0,0.0,0.0,2924248.0,133545.0,80307.106
1695570361.8267484,inference,"[[0.5224505664768939, 0.4775494335231059]]",1.0,0.0,0.0,0.0,2929131.0,135010.0,80779.113
1695570362.8403206,inference,"[[0.5224505664768939, 0.4775494335231059]]",1.0,0.0,0.0,0.0,2949578.0,135009.0,80444.888
1695570363.8482695,inference,"[[0.5224505664768939, 0.4775494335231059]]",1.0,0.0,0.0,0.0,3129753.0,139160.0,85014.542
1695570364.8482418,inference,"[[0.5224505664768939, 0.4775494335231059]]",0.0,0.0,0.0,0.0,2952691.0,136474.0,80584.982
1695570365.899164,inference,"[[0.5224505664768939, 0.4775494335231059]]",0.0,0.0,0.0,0.0,3204276.0,143188.0,84753.723
1695570366.866484,inference,"[[0.5224505664768939, 0.4775494335231059]]",1.0,0.0,0.0,0.0,3138908.0,140563.0,83550.899
1695570367.879994,inference,"[[0.5224505664768939, 0.4775494335231059]]",1.0,0.0,0.0,0.0,3061271.0,137756.0,81348.419
1695570368.8764915,inference,"[[0.5224505664768939, 0.4775494335231059]]",1.0,0.0,0.0,0.0,2978203.0,135559.0,81072.756
1695570369.8860254,inference,"[[0.5224505664768939, 0.4775494335231059]]",1.0,0.0,0.0,0.0,3139091.0,142150.0,82042.611
1695570370.896297,inference,"[[0.5224505664768939, 0.4775494335231059]]",0.0,0.0,0.0,0.0,3037407.0,140075.0,82343.605
1695570371.8988223,inference,"[[0.5224505664768939, 0.4775494335231059]]",1.0,0.0,0.0,0.0,3154533.0,142638.0,82304.148
1695570372.931106,inference,"[[0.8753071037255205, 0.12469289627447969]]",1.0,0.0,0.0,0.0,3263481.0,145324.0,86616.472
1695570373.9100702,inference,"[[0.5224505664768939, 0.4775494335231059]]",0.0,0.0,0.0,0.0,3148857.0,142273.0,83417.289
1695570374.9445355,inference,"[[0.5224505664768939, 0.4775494335231059]]",0.0,0.0,0.0,0.0,3090203.0,141296.0,81527.608
1695570375.9289331,inference,"[[0.5224505664768939, 0.4775494335231059]]",0.0,0.0,0.0,0.0,3209403.0,143311.0,85838.779
1695570376.9321449,inference,"[[0.5224505664768939, 0.4775494335231059]]",0.0,0.0,0.0,0.0,3092338.0,140686.0,81122.844
1695570377.9422793,inference,"[[0.5224505664768939, 0.4775494335231059]]",1.0,0.0,0.0,0.0,3106865.0,142151.0,82882.202
1695570378.9478998,inference,"[[0.5224505664768939, 0.4775494335231059]]",0.0,0.0,0.0,0.0,3165092.0,142761.0,82652.077
1695570379.9525144,inference,"[[0.5224505664768939, 0.4775494335231059]]",1.0,0.0,0.0,0.0,3118767.0,141845.0,82122.32
1695570380.9688988,inference,"[[0.5224505664768939, 0.4775494335231059]]",0.0,0.0,0.0,0.0,3062676.0,140258.0,81373.792
1695570381.9707632,inference,"[[0.5224505664768939, 0.4775494335231059]]",1.0,0.0,0.0,0.0,3216300.0,144958.0,84130.133
1695570382.990332,inference,"[[0.5224505664768939, 0.4775494335231059]]",0.0,0.0,0.0,0.0,3062249.0,139709.0,81516.411
1695570383.9875803,inference,"[[0.5224505664768939, 0.4775494335231059]]",1.0,0.0,0.0,0.0,3135124.0,139465.0,81238.58
1695570384.9879222,inference,"[[0.5224505664768939, 0.4775494335231059]]",0.0,0.0,0.0,0.0,3074150.0,140014.0,80402.224
1695570386.0200276,inference,"[[0.5224505664768939, 0.4775494335231059]]",1.0,0.0,0.0,0.0,3018486.0,136535.0,82730.31
1695570387.0045516,inference,"[[0.5224505664768939, 0.4775494335231059]]",1.0,0.0,0.0,0.0,3041191.0,137695.0,82620.353
1695570388.0059168,inference,"[[0.5224505664768939, 0.4775494335231059]]",0.0,0.0,0.0,0.0,2982414.0,135681.0,80778.603
1695570389.019609,inference,"[[0.5224505664768939, 0.4775494335231059]]",1.0,0.0,0.0,0.0,3029350.0,136413.0,81950.615
1695570390.0419977,inference,"[[0.5224505664768939, 0.4775494335231059]]",1.0,0.0,0.0,0.0,3002678.0,135559.0,81427.582
1695570391.0479782,inference,"[[0.5224505664768939, 0.4775494335231059]]",0.0,0.0,0.0,0.0,2955803.0,134887.0,81330.274
1695570392.0615516,inference,"[[0.5224505664768939, 0.4775494335231059]]",0.0,0.0,0.0,0.0,2946892.0,134704.0,80920.171
1695570393.0612774,inference,"[[0.5224505664768939, 0.4775494335231059]]",0.0,0.0,0.0,0.0,2950920.0,134277.0,80838.654
1695570394.0864587,inference,"[[0.5224505664768939, 0.4775494335231059]]",1.0,0.0,0.0,0.0,2978814.0,138123.0,81038.676
1695570395.0733812,inference,"[[0.5224505664768939, 0.4775494335231059]]",0.0,0.0,0.0,0.0,2964959.0,134826.0,82002.027
1695570396.1061132,inference,"[[0.5224505664768939, 0.4775494335231059]]",1.0,0.0,0.0,0.0,2988457.0,136474.0,81716.92
1695570397.0851507,inference,"[[0.5224505664768939, 0.4775494335231059]]",1.0,0.0,0.0,0.0,2977959.0,135071.0,81126.983
1695570398.0943437,inference,"[[0.5224505664768939, 0.4775494335231059]]",1.0,0.0,0.0,0.0,2930901.0,135192.0,80791.298
1695570399.0877726,inference,"[[0.5224505664768939, 0.4775494335231059]]",0.0,0.0,0.0,0.0,2978508.0,136658.0,81061.987
1695570400.1171577,inference,"[[0.5224505664768939, 0.4775494335231059]]",1.0,0.0,0.0,0.0,2976921.0,136474.0,81530.495
1695570401.1308162,inference,"[[0.5224505664768939, 0.4775494335231059]]",0.0,0.0,0.0,0.0,3059928.0,139099.0,84216.783
1695570402.1026938,inference,"[[0.5224505664768939, 0.4775494335231059]]",0.0,0.0,0.0,0.0,3041191.0,138671.0,84398.192
1695570403.105858,inference,"[[0.5224505664768939, 0.4775494335231059]]",1.0,0.0,0.0,0.0,2944084.0,135132.0,80687.855
1695570404.1180477,inference,"[[0.5224505664768939, 0.4775494335231059]]",0.0,0.0,0.0,0.0,2919182.0,134826.0,79461.258
1695570405.1898606,inference,"[[0.5224505664768939, 0.4775494335231059]]",1.0,0.0,0.0,0.0,2970817.0,135681.0,81171.496
1695570406.1521094,inference,"[[0.5224505664768939, 0.4775494335231059]]",0.0,0.0,0.0,0.0,3022515.0,138244.0,82182.606
1695570407.1508212,inference,"[[0.5224505664768939, 0.4775494335231059]]",0.0,0.0,0.0,0.0,2926506.0,134643.0,80464.532
1695570408.1406527,inference,"[[0.5224505664768939, 0.4775494335231059]]",1.0,0.0,0.0,0.0,2988823.0,136231.0,81042.751
1695570409.1498783,inference,"[[0.5224505664768939, 0.4775494335231059]]",0.0,0.0,0.0,0.0,2887749.0,133239.0,80347.32
1695570410.1684399,inference,"[[0.5224505664768939, 0.4775494335231059]]",0.0,0.0,0.0,0.0,2957756.0,137573.0,81282.673
1695570411.1892638,inference,"[[0.5224505664768939, 0.4775494335231059]]",1.0,0.0,0.0,0.0,2971428.0,136657.0,80800.037
1695570412.1799178,inference,"[[0.5224505664768939, 0.4775494335231059]]",1.0,0.0,0.0,0.0,2981559.0,136169.0,81321.02
1695570413.185597,inference,"[[0.5224505664768939, 0.4775494335231059]]",0.0,0.0,0.0,0.0,2982903.0,138244.0,81434.664
1695570414.1922233,inference,"[[0.5224505664768939, 0.4775494335231059]]",0.0,0.0,0.0,0.0,2894768.0,136047.0,80639.829
1695570415.2129745,inference,"[[0.5224505664768939, 0.4775494335231059]]",0.0,0.0,0.0,0.0,2958000.0,135986.0,82242.235
1695570416.2188816,inference,"[[0.5224505664768939, 0.4775494335231059]]",0.0,0.0,0.0,0.0,3023857.0,137512.0,80827.34
1695570417.2564905,inference,"[[0.5224505664768939, 0.4775494335231059]]",0.0,0.0,0.0,0.0,3033318.0,138488.0,81450.188
1695570418.2159734,inference,"[[0.5224505664768939, 0.4775494335231059]]",0.0,0.0,0.0,0.0,2927788.0,136597.0,81164.441
1695570419.2190282,inference,"[[0.5224505664768939, 0.4775494335231059]]",1.0,0.0,0.0,0.0,3055107.0,138610.0,82101.441
1695570420.2254405,inference,"[[0.5224505664768939, 0.4775494335231059]]",0.0,0.0,0.0,0.0,2985893.0,136230.0,80469.956
1695570421.2272112,inference,"[[0.5224505664768939, 0.4775494335231059]]",1.0,0.0,0.0,0.0,2945183.0,134338.0,80308.732
1695570422.24638,inference,"[[0.5224505664768939, 0.4775494335231059]]",0.0,0.0,0.0,0.0,3048577.0,137695.0,82714.512
1695570423.2467592,inference,"[[0.5224505664768939, 0.4775494335231059]]",0.0,0.0,0.0,0.0,2952874.0,135925.0,80727.819
1695570424.2595725,inference,"[[0.5224505664768939, 0.4775494335231059]]",1.0,0.0,0.0,0.0,2973564.0,136108.0,81274.731
1695570425.2650764,inference,"[[0.5224505664768939, 0.4775494335231059]]",1.0,0.0,0.0,0.0,3019035.0,137207.0,82739.437
1695570426.2740414,inference,"[[0.5224505664768939, 0.4775494335231059]]",0.0,0.0,0.0,0.0,2974968.0,135803.0,81843.236
1695570427.2820442,inference,"[[0.5224505664768939, 0.4775494335231059]]",1.0,0.0,0.0,0.0,3092095.0,139953.0,84581.309
1695570428.301397,inference,"[[0.5224505664768939, 0.4775494335231059]]",1.0,0.0,0.0,0.0,3032097.0,135742.0,80705.364
1695570429.2923813,inference,"[[0.5224505664768939, 0.4775494335231059]]",1.0,0.0,0.0,0.0,2997551.0,135925.0,82377.611
1695570430.307364,inference,"[[0.5224505664768939, 0.4775494335231059]]",1.0,0.0,0.0,0.0,3732595.0,143249.0,92116.355
1695570431.3040953,inference,"[[0.5224505664768939, 0.4775494335231059]]",1.0,0.0,0.0,0.0,3117362.0,139831.0,83666.418
1695570432.3221138,inference,"[[0.5224505664768939, 0.4775494335231059]]",1.0,0.0,0.0,0.0,2980340.0,136169.0,80429.99
1695570433.3214622,inference,"[[0.5224505664768939, 0.4775494335231059]]",0.0,0.0,0.0,0.0,2995720.0,136169.0,82328.65
1695570434.3259482,inference,"[[0.5224505664768939, 0.4775494335231059]]",0.0,0.0,0.0,0.0,3076531.0,136902.0,81006.062
1695570435.332521,inference,"[[0.5224505664768939, 0.4775494335231059]]",1.0,0.0,0.0,0.0,2989556.0,136657.0,82900.448
1695570436.331743,inference,"[[0.5224505664768939, 0.4775494335231059]]",0.0,0.0,0.0,0.0,2908684.0,134399.0,79737.593
1695570437.3501413,inference,"[[0.5224505664768939, 0.4775494335231059]]",0.0,0.0,0.0,0.0,2960381.0,135314.0,80230.782
1695570438.3465908,inference,"[[0.5224505664768939, 0.4775494335231059]]",0.0,0.0,0.0,0.0,2933648.0,133667.0,80358.739
1695570439.3672805,inference,"[[0.5224505664768939, 0.4775494335231059]]",0.0,0.0,0.0,0.0,2975151.0,135864.0,81025.887
1695570440.3565545,inference,"[[0.5224505664768939, 0.4775494335231059]]",1.0,0.0,0.0,0.0,2965508.0,134887.0,80589.219
1695570441.3759394,inference,"[[0.5224505664768939, 0.4775494335231059]]",0.0,0.0,0.0,0.0,2896111.0,133361.0,80649.484
1695570442.4134197,inference,"[[0.5224505664768939, 0.4775494335231059]]",1.0,0.0,0.0,0.0,3043510.0,140258.0,83262.747
1695570443.378047,inference,"[[0.5224505664768939, 0.4775494335231059]]",1.0,0.0,0.0,0.0,2968681.0,135253.0,80990.03
1695570444.4071438,inference,"[[0.5224505664768939, 0.4775494335231059]]",1.0,0.0,0.0,0.0,3024955.0,138183.0,81977.198
1695570684.1359558,retraining,-1,0.4866412213740458,0.0,0.0,0.0,7882851035.0,538794336.0,221974101.448
1695570745.535639,inference,"[[0.5246774866282125, 0.47532251337178777]]",1.0,0.0,0.0,0.0,3070976.0,142760.0,85460.443
1695570746.5573323,inference,"[[0.5246774866282125, 0.47532251337178777]]",0.0,0.0,0.0,0.0,3322807.0,146850.0,90451.431
1695570747.5241907,inference,"[[0.5246774866282125, 0.47532251337178777]]",0.0,0.0,0.0,0.0,3148796.0,143982.0,85920.479
1695570748.5327148,inference,"[[0.5246774866282125, 0.47532251337178777]]",0.0,0.0,0.0,0.0,3076103.0,141174.0,83626.53
1695570749.5356767,inference,"[[0.5246774866282125, 0.47532251337178777]]",0.0,0.0,0.0,0.0,3030144.0,140014.0,82662.705
1695570750.5512471,inference,"[[0.5246774866282125, 0.47532251337178777]]",0.0,0.0,0.0,0.0,3150566.0,144287.0,85612.88
1695570751.5633047,inference,"[[0.5246774866282125, 0.47532251337178777]]",0.0,0.0,0.0,0.0,3191886.0,144714.0,88606.318
1695570752.5650003,inference,"[[0.5246774866282125, 0.47532251337178777]]",1.0,0.0,0.0,0.0,2993706.0,139404.0,83505.274
1695570753.5628014,inference,"[[0.5246774866282125, 0.47532251337178777]]",0.0,0.0,0.0,0.0,3138359.0,145203.0,86405.859
1695570754.5739157,inference,"[[0.5246774866282125, 0.47532251337178777]]",0.0,0.0,0.0,0.0,3058769.0,141663.0,84566.97
1695570755.6001837,inference,"[[0.5246774866282125, 0.47532251337178777]]",1.0,0.0,0.0,0.0,3074700.0,141845.0,84759.122
1695570756.5899796,inference,"[[0.5246774866282125, 0.47532251337178777]]",0.0,0.0,0.0,0.0,3056938.0,141052.0,84815.857
1695570757.595813,inference,"[[0.5246774866282125, 0.47532251337178777]]",1.0,0.0,0.0,0.0,3084403.0,141601.0,84515.837
1695570758.6068597,inference,"[[0.5246774866282125, 0.47532251337178777]]",0.0,0.0,0.0,0.0,3046562.0,139343.0,83778.316
1695570759.605606,inference,"[[0.5246774866282125, 0.47532251337178777]]",0.0,0.0,0.0,0.0,3028679.0,139526.0,82476.869
1695570760.614304,inference,"[[0.5246774866282125, 0.47532251337178777]]",0.0,0.0,0.0,0.0,3006645.0,138549.0,83024.804
1695570761.618252,inference,"[[0.5246774866282125, 0.47532251337178777]]",0.0,0.0,0.0,0.0,3043205.0,138733.0,82910.778
1695570762.6261332,inference,"[[0.5246774866282125, 0.47532251337178777]]",0.0,0.0,0.0,0.0,3097221.0,140441.0,82570.98
1695570763.6297808,inference,"[[0.5246774866282125, 0.47532251337178777]]",1.0,0.0,0.0,0.0,3044853.0,139343.0,82472.557
1695570764.6409705,inference,"[[0.5246774866282125, 0.47532251337178777]]",0.0,0.0,0.0,0.0,3030815.0,139404.0,83689.129
1695570765.6434522,inference,"[[0.5246774866282125, 0.47532251337178777]]",1.0,0.0,0.0,0.0,3031303.0,139526.0,83186.14
1695570766.6681688,inference,"[[0.5246774866282125, 0.47532251337178777]]",1.0,0.0,0.0,0.0,3063591.0,140258.0,83796.609
1695570767.6715987,inference,"[[0.5246774866282125, 0.47532251337178777]]",0.0,0.0,0.0,0.0,3101738.0,142578.0,84985.617
1695570768.6903858,inference,"[[0.5246774866282125, 0.47532251337178777]]",0.0,0.0,0.0,0.0,3027580.0,138489.0,83322.349
1695570769.6791925,inference,"[[0.5246774866282125, 0.47532251337178777]]",1.0,0.0,0.0,0.0,3097283.0,141113.0,86090.478
1695570770.72122,inference,"[[0.5246774866282125, 0.47532251337178777]]",0.0,0.0,0.0,0.0,3108208.0,142029.0,84140.583
1695570771.710103,inference,"[[0.5246774866282125, 0.47532251337178777]]",1.0,0.0,0.0,0.0,3088981.0,140136.0,83361.882
1695570772.7086735,inference,"[[0.5246774866282125, 0.47532251337178777]]",1.0,0.0,0.0,0.0,3149162.0,142638.0,87126.589
1695570773.7165017,inference,"[[0.5246774866282125, 0.47532251337178777]]",0.0,0.0,0.0,0.0,3072074.0,140625.0,84958.072
1695570774.7120872,inference,"[[0.5246774866282125, 0.47532251337178777]]",0.0,0.0,0.0,0.0,3067559.0,140380.0,84772.828
1695570775.7225811,inference,"[[0.5246774866282125, 0.47532251337178777]]",0.0,0.0,0.0,0.0,3128104.0,141357.0,85920.797
1695570776.7279851,inference,"[[0.5246774866282125, 0.47532251337178777]]",0.0,0.0,0.0,0.0,3147575.0,143921.0,87666.784
1695570777.7539637,inference,"[[0.5246774866282125, 0.47532251337178777]]",1.0,0.0,0.0,0.0,3123588.0,140991.0,86392.536
1695570778.7505324,inference,"[[0.5246774866282125, 0.47532251337178777]]",0.0,0.0,0.0,0.0,3074638.0,140380.0,83529.919
1695570779.7644646,inference,"[[0.5246774866282125, 0.47532251337178777]]",0.0,0.0,0.0,0.0,3064324.0,139160.0,83244.207
1695570780.751808,inference,"[[0.5246774866282125, 0.47532251337178777]]",0.0,0.0,0.0,0.0,3041557.0,139526.0,83741.82
1695570781.7738419,inference,"[[0.5246774866282125, 0.47532251337178777]]",1.0,0.0,0.0,0.0,3117668.0,141418.0,82887.519
1695570782.7732975,inference,"[[0.5246774866282125, 0.47532251337178777]]",1.0,0.0,0.0,0.0,3127311.0,144409.0,85318.967
1695570783.7683942,inference,"[[0.5246774866282125, 0.47532251337178777]]",0.0,0.0,0.0,0.0,3032524.0,140014.0,82540.518
1695570784.7805758,inference,"[[0.5246774866282125, 0.47532251337178777]]",1.0,0.0,0.0,0.0,3215445.0,144653.0,87272.168
1695570785.792446,inference,"[[0.5246774866282125, 0.47532251337178777]]",0.0,0.0,0.0,0.0,3010918.0,139893.0,82025.423
1695570786.7989984,inference,"[[0.5246774866282125, 0.47532251337178777]]",1.0,0.0,0.0,0.0,3064384.0,140625.0,83768.371
1695570787.841143,inference,"[[0.5246774866282125, 0.47532251337178777]]",1.0,0.0,0.0,0.0,3153007.0,144042.0,86500.966
1695570788.8161168,inference,"[[0.5246774866282125, 0.47532251337178777]]",1.0,0.0,0.0,0.0,3172478.0,146606.0,87189.929
1695570789.8193624,inference,"[[0.5246774866282125, 0.47532251337178777]]",0.0,0.0,0.0,0.0,3101615.0,144714.0,84239.831
1695570790.8246746,inference,"[[0.5246774866282125, 0.47532251337178777]]",0.0,0.0,0.0,0.0,3221916.0,147461.0,85537.914
1695570791.8424575,inference,"[[0.5246774866282125, 0.47532251337178777]]",0.0,0.0,0.0,0.0,3153313.0,145142.0,85277.04
1695570792.8571906,inference,"[[0.5246774866282125, 0.47532251337178777]]",1.0,0.0,0.0,0.0,3177665.0,146362.0,86040.569
1695570793.8563907,inference,"[[0.5246774866282125, 0.47532251337178777]]",1.0,0.0,0.0,0.0,3212821.0,147461.0,87784.39
1695570794.855846,inference,"[[0.5246774866282125, 0.47532251337178777]]",1.0,0.0,0.0,0.0,3188713.0,144958.0,87109.513
1695570795.855044,inference,"[[0.5246774866282125, 0.47532251337178777]]",1.0,0.0,0.0,0.0,3207451.0,146178.0,87407.728
1695570796.86247,inference,"[[0.5246774866282125, 0.47532251337178777]]",0.0,0.0,0.0,0.0,3206901.0,149658.0,87155.448
1695570797.8703346,inference,"[[0.5246774866282125, 0.47532251337178777]]",0.0,0.0,0.0,0.0,3119987.0,144104.0,85165.366
1695570798.8925943,inference,"[[0.5246774866282125, 0.47532251337178777]]",0.0,0.0,0.0,0.0,3145195.0,146789.0,84348.802
1695570799.8824608,inference,"[[0.5246774866282125, 0.47532251337178777]]",1.0,0.0,0.0,0.0,3250968.0,147766.0,85997.861
1695570800.9078605,inference,"[[0.5246774866282125, 0.47532251337178777]]",1.0,0.0,0.0,0.0,3221915.0,149414.0,89374.339
1695570801.8964338,inference,"[[0.5246774866282125, 0.47532251337178777]]",1.0,0.0,0.0,0.0,3109855.0,145324.0,84534.032
1695570802.9037812,inference,"[[0.5246774866282125, 0.47532251337178777]]",0.0,0.0,0.0,0.0,3220024.0,148986.0,85507.484
1695570803.9618917,inference,"[[0.5246774866282125, 0.47532251337178777]]",0.0,0.0,0.0,0.0,3061943.0,141845.0,83379.013
1695570804.9211626,inference,"[[0.5246774866282125, 0.47532251337178777]]",1.0,0.0,0.0,0.0,3043327.0,141052.0,83961.559
1695570805.925711,inference,"[[0.5246774866282125, 0.47532251337178777]]",1.0,0.0,0.0,0.0,3058769.0,141479.0,83389.932
1695570806.9311304,inference,"[[0.5246774866282125, 0.47532251337178777]]",1.0,0.0,0.0,0.0,3061333.0,140258.0,84235.544
1695570807.9527347,inference,"[[0.5246774866282125, 0.47532251337178777]]",1.0,0.0,0.0,0.0,3103874.0,142212.0,85161.32
1695570808.9397864,inference,"[[0.5246774866282125, 0.47532251337178777]]",0.0,0.0,0.0,0.0,3026298.0,138915.0,83054.16
1695570809.9505095,inference,"[[0.5246774866282125, 0.47532251337178777]]",1.0,0.0,0.0,0.0,3117179.0,142761.0,83156.671
1695570810.9601986,inference,"[[0.5246774866282125, 0.47532251337178777]]",0.0,0.0,0.0,0.0,3082328.0,140868.0,83537.968
1695570811.9748971,inference,"[[0.5246774866282125, 0.47532251337178777]]",1.0,0.0,0.0,0.0,3084404.0,140441.0,83601.517
1695570812.9769433,inference,"[[0.5246774866282125, 0.47532251337178777]]",1.0,0.0,0.0,0.0,3060905.0,142029.0,84585.152
1695570813.9804728,inference,"[[0.5246774866282125, 0.47532251337178777]]",0.0,0.0,0.0,0.0,3038932.0,140502.0,84214.769
1695570815.0108693,inference,"[[0.5246774866282125, 0.47532251337178777]]",0.0,0.0,0.0,0.0,3007744.0,138244.0,83369.573
1695570816.004693,inference,"[[0.5246774866282125, 0.47532251337178777]]",0.0,0.0,0.0,0.0,3080436.0,141296.0,85940.166
1695570817.011778,inference,"[[0.5246774866282125, 0.47532251337178777]]",0.0,0.0,0.0,0.0,3076896.0,141174.0,84955.342
1695570818.0021167,inference,"[[0.5246774866282125, 0.47532251337178777]]",1.0,0.0,0.0,0.0,3033134.0,139099.0,82927.919
1695570819.0373573,inference,"[[0.5246774866282125, 0.47532251337178777]]",0.0,0.0,0.0,0.0,2996452.0,139587.0,82401.634
1695570820.05002,inference,"[[0.5246774866282125, 0.47532251337178777]]",1.0,0.0,0.0,0.0,3225089.0,145996.0,89306.277
1695570821.0293307,inference,"[[0.5246774866282125, 0.47532251337178777]]",0.0,0.0,0.0,0.0,3136528.0,142334.0,85947.257
1695570822.0402782,inference,"[[0.5246774866282125, 0.47532251337178777]]",0.0,0.0,0.0,0.0,3704581.0,158447.0,85444.131
1695570823.0723896,inference,"[[0.5246774866282125, 0.47532251337178777]]",0.0,0.0,0.0,0.0,3160820.0,143066.0,85873.891
1695570824.0564415,inference,"[[0.5246774866282125, 0.47532251337178777]]",1.0,0.0,0.0,0.0,3069511.0,140381.0,83657.059
1695570825.0821722,inference,"[[0.5246774866282125, 0.47532251337178777]]",1.0,0.0,0.0,0.0,3118034.0,143066.0,85945.94
1695570826.0843663,inference,"[[0.5246774866282125, 0.47532251337178777]]",1.0,0.0,0.0,0.0,3139458.0,142883.0,85348.542
1695570827.1125395,inference,"[[0.5246774866282125, 0.47532251337178777]]",0.0,0.0,0.0,0.0,3074272.0,141906.0,83594.77
1695570828.083009,inference,"[[0.5246774866282125, 0.47532251337178777]]",1.0,0.0,0.0,0.0,3162955.0,142700.0,87197.0
1695570829.0779257,inference,"[[0.5246774866282125, 0.47532251337178777]]",0.0,0.0,0.0,0.0,3005608.0,138367.0,82277.424
1695570830.0882883,inference,"[[0.5246774866282125, 0.47532251337178777]]",1.0,0.0,0.0,0.0,3718313.0,141113.0,83844.598
1695570831.1093209,inference,"[[0.5246774866282125, 0.47532251337178777]]",0.0,0.0,0.0,0.0,3124259.0,143615.0,85652.108
1695570832.1186025,inference,"[[0.5246774866282125, 0.47532251337178777]]",1.0,0.0,0.0,0.0,3160941.0,143127.0,84232.507
1695570833.113735,inference,"[[0.5246774866282125, 0.47532251337178777]]",1.0,0.0,0.0,0.0,3060661.0,140320.0,82773.83
1695570834.1204073,inference,"[[0.5246774866282125, 0.47532251337178777]]",0.0,0.0,0.0,0.0,3051567.0,140807.0,83113.857
1695570835.13732,inference,"[[0.5246774866282125, 0.47532251337178777]]",0.0,0.0,0.0,0.0,3039909.0,140441.0,83206.7
1695570836.1418734,inference,"[[0.5246774866282125, 0.47532251337178777]]",1.0,0.0,0.0,0.0,3134696.0,143066.0,84625.733
1695570837.1395197,inference,"[[0.5246774866282125, 0.47532251337178777]]",0.0,0.0,0.0,0.0,3171257.0,144836.0,86098.681
1695570838.1523125,inference,"[[0.5246774866282125, 0.47532251337178777]]",1.0,0.0,0.0,0.0,3265251.0,145630.0,88877.779
1695570839.151662,inference,"[[0.5246774866282125, 0.47532251337178777]]",0.0,0.0,0.0,0.0,3151053.0,144652.0,85437.513
1695570840.1636333,inference,"[[0.5246774866282125, 0.47532251337178777]]",1.0,0.0,0.0,0.0,3182121.0,143311.0,85601.313
1695570841.1786897,inference,"[[0.5246774866282125, 0.47532251337178777]]",1.0,0.0,0.0,0.0,3075859.0,140503.0,82827.777
1695570842.170972,inference,"[[0.5246774866282125, 0.47532251337178777]]",1.0,0.0,0.0,0.0,3076408.0,141357.0,82548.231
1695570843.1820555,inference,"[[0.5246774866282125, 0.47532251337178777]]",1.0,0.0,0.0,0.0,3281059.0,147338.0,88053.03
1695570844.191172,inference,"[[0.5246774866282125, 0.47532251337178777]]",0.0,0.0,0.0,0.0,3129325.0,142517.0,84684.425
1695570845.1944964,inference,"[[0.5246774866282125, 0.47532251337178777]]",1.0,0.0,0.0,0.0,3150749.0,142517.0,85972.813
1695570846.228697,inference,"[[0.5246774866282125, 0.47532251337178777]]",1.0,0.0,0.0,0.0,3040336.0,138793.0,82817.241
1695570847.2211356,inference,"[[0.5246774866282125, 0.47532251337178777]]",0.0,0.0,0.0,0.0,3017693.0,139953.0,83677.217
1695570848.2208421,inference,"[[0.5246774866282125, 0.47532251337178777]]",1.0,0.0,0.0,0.0,3127861.0,142639.0,85022.091
1695570849.2284243,inference,"[[0.5246774866282125, 0.47532251337178777]]",0.0,0.0,0.0,0.0,3039238.0,141235.0,83436.225
1695570850.2334497,inference,"[[0.5246774866282125, 0.47532251337178777]]",0.0,0.0,0.0,0.0,3028861.0,139465.0,83105.366
1695570851.2384994,inference,"[[0.5246774866282125, 0.47532251337178777]]",1.0,0.0,0.0,0.0,3048759.0,139709.0,83750.808
1695570852.242067,inference,"[[0.5246774866282125, 0.47532251337178777]]",0.0,0.0,0.0,0.0,2998467.0,139465.0,82815.205
1695570853.2677379,inference,"[[0.5246774866282125, 0.47532251337178777]]",1.0,0.0,0.0,0.0,3015862.0,138671.0,83394.05
1695570854.2591295,inference,"[[0.5246774866282125, 0.47532251337178777]]",1.0,0.0,0.0,0.0,3131584.0,144531.0,85096.006
1695570855.2612834,inference,"[[0.5246774866282125, 0.47532251337178777]]",1.0,0.0,0.0,0.0,3100334.0,141052.0,83779.059
1695570856.2651274,inference,"[[0.5246774866282125, 0.47532251337178777]]",1.0,0.0,0.0,0.0,3031120.0,139587.0,82409.721
1695570857.285178,inference,"[[0.5246774866282125, 0.47532251337178777]]",0.0,0.0,0.0,0.0,3088005.0,140381.0,85332.67
1695570858.3204641,inference,"[[0.5246774866282125, 0.47532251337178777]]",1.0,0.0,0.0,0.0,3202262.0,143554.0,87588.167
1695570859.334655,inference,"[[0.5246774866282125, 0.47532251337178777]]",1.0,0.0,0.0,0.0,3048515.0,141540.0,84209.408
1695570860.3165963,inference,"[[0.5246774866282125, 0.47532251337178777]]",1.0,0.0,0.0,0.0,3149956.0,144104.0,87531.472
1695570861.3131146,inference,"[[0.5246774866282125, 0.47532251337178777]]",0.0,0.0,0.0,0.0,3020988.0,138611.0,82945.434
1695570862.338523,inference,"[[0.5246774866282125, 0.47532251337178777]]",1.0,0.0,0.0,0.0,3082085.0,141723.0,84586.994
1695570863.323911,inference,"[[0.5246774866282125, 0.47532251337178777]]",1.0,0.0,0.0,0.0,3026115.0,139771.0,83916.425
1695570864.3315465,inference,"[[0.5246774866282125, 0.47532251337178777]]",0.0,0.0,0.0,0.0,3130180.0,142578.0,85263.55
1695570865.3424642,inference,"[[0.5246774866282125, 0.47532251337178777]]",1.0,0.0,0.0,0.0,3033134.0,140258.0,82207.49
1695571121.9895332,retraining,-1,0.5018656716417911,0.0,0.0,0.0,8466526543.0,579097333.0,238119656.101
1695571166.4620361,inference,"[[0.5195731187207853, 0.4804268812792148]]",1.0,0.0,0.0,0.0,3070182.0,143615.0,86254.801
1695571167.478237,inference,"[[0.5195731187207853, 0.4804268812792148]]",1.0,0.0,0.0,0.0,3437125.0,151245.0,95049.792
1695571168.475314,inference,"[[0.5195731187207853, 0.4804268812792148]]",1.0,0.0,0.0,0.0,3229057.0,147217.0,86789.84
1695571169.488377,inference,"[[0.5195731187207853, 0.4804268812792148]]",1.0,0.0,0.0,0.0,3236259.0,149719.0,86526.289
1695571170.5145023,inference,"[[0.5195731187207853, 0.4804268812792148]]",0.0,0.0,0.0,0.0,3186577.0,147155.0,88198.685
1695571171.5182946,inference,"[[0.5195731187207853, 0.4804268812792148]]",1.0,0.0,0.0,0.0,3198601.0,146362.0,86707.901
1695571172.5814362,inference,"[[0.5195731187207853, 0.4804268812792148]]",0.0,0.0,0.0,0.0,3165337.0,144958.0,88437.961
1695571173.5040896,inference,"[[0.5195731187207853, 0.4804268812792148]]",0.0,0.0,0.0,0.0,3092094.0,142944.0,85089.285
1695571174.514495,inference,"[[0.5195731187207853, 0.4804268812792148]]",1.0,0.0,0.0,0.0,3283561.0,149475.0,88759.63
1695571175.5396566,inference,"[[0.5195731187207853, 0.4804268812792148]]",0.0,0.0,0.0,0.0,3162162.0,149414.0,88467.022
1695571176.5265238,inference,"[[0.5195731187207853, 0.4804268812792148]]",0.0,0.0,0.0,0.0,3096122.0,143005.0,85240.041
1695571177.5483649,inference,"[[0.5195731187207853, 0.4804268812792148]]",0.0,0.0,0.0,0.0,3167777.0,146911.0,88312.222
1695571178.53413,inference,"[[0.5195731187207853, 0.4804268812792148]]",1.0,0.0,0.0,0.0,3110527.0,144409.0,85909.615
1695571179.5573893,inference,"[[0.5195731187207853, 0.4804268812792148]]",1.0,0.0,0.0,0.0,3168937.0,144959.0,86942.011
1695571180.5614552,inference,"[[0.5195731187207853, 0.4804268812792148]]",0.0,0.0,0.0,0.0,3279411.0,148803.0,89037.486
1695571181.5559921,inference,"[[0.5195731187207853, 0.4804268812792148]]",0.0,0.0,0.0,0.0,3072502.0,143921.0,84799.044
1695571182.5651362,inference,"[[0.5195731187207853, 0.4804268812792148]]",1.0,0.0,0.0,0.0,3167839.0,145874.0,86149.678
1695571183.5798497,inference,"[[0.5195731187207853, 0.4804268812792148]]",1.0,0.0,0.0,0.0,3079460.0,142577.0,85247.049
1695571184.603925,inference,"[[0.5195731187207853, 0.4804268812792148]]",1.0,0.0,0.0,0.0,3110405.0,143554.0,86398.268
1695571185.5858371,inference,"[[0.5195731187207853, 0.4804268812792148]]",1.0,0.0,0.0,0.0,3054375.0,142700.0,85241.261
1695571186.5950837,inference,"[[0.5195731187207853, 0.4804268812792148]]",1.0,0.0,0.0,0.0,3126823.0,144348.0,86657.974
1695571187.6041708,inference,"[[0.5195731187207853, 0.4804268812792148]]",1.0,0.0,0.0,0.0,3141838.0,145629.0,86846.578
1695571188.6057415,inference,"[[0.5195731187207853, 0.4804268812792148]]",0.0,0.0,0.0,0.0,3126029.0,143982.0,86012.906
1695571189.6143954,inference,"[[0.5195731187207853, 0.4804268812792148]]",0.0,0.0,0.0,0.0,3108451.0,143676.0,85520.808
1695571190.622656,inference,"[[0.5195731187207853, 0.4804268812792148]]",0.0,0.0,0.0,0.0,3159172.0,146606.0,87855.032
1695571191.6432848,inference,"[[0.5195731187207853, 0.4804268812792148]]",0.0,0.0,0.0,0.0,3845632.0,167907.0,89815.341
1695571192.6565728,inference,"[[0.5195731187207853, 0.4804268812792148]]",1.0,0.0,0.0,0.0,3211784.0,146667.0,88109.28
1695571193.6429546,inference,"[[0.5195731187207853, 0.4804268812792148]]",1.0,0.0,0.0,0.0,3138847.0,143310.0,85711.484
1695571194.6556904,inference,"[[0.5195731187207853, 0.4804268812792148]]",1.0,0.0,0.0,0.0,3294731.0,148865.0,90140.76
1695571195.6566324,inference,"[[0.5195731187207853, 0.4804268812792148]]",1.0,0.0,0.0,0.0,3170219.0,146911.0,86305.499
1695571196.6869712,inference,"[[0.5195731187207853, 0.4804268812792148]]",1.0,0.0,0.0,0.0,3140495.0,146667.0,86855.218
1695571197.6801758,inference,"[[0.5195731187207853, 0.4804268812792148]]",1.0,0.0,0.0,0.0,3127860.0,144958.0,86530.871
1695571198.6818848,inference,"[[0.5195731187207853, 0.4804268812792148]]",1.0,0.0,0.0,0.0,3157341.0,145508.0,87169.342
1695571199.6842914,inference,"[[0.5195731187207853, 0.4804268812792148]]",1.0,0.0,0.0,0.0,3165459.0,147155.0,86874.722
1695571200.6917338,inference,"[[0.5195731187207853, 0.4804268812792148]]",0.0,0.0,0.0,0.0,3162712.0,146362.0,86708.947
1695571201.7030418,inference,"[[0.5195731187207853, 0.4804268812792148]]",1.0,0.0,0.0,0.0,3153007.0,146423.0,86642.09
1695571202.699231,inference,"[[0.5195731187207853, 0.4804268812792148]]",0.0,0.0,0.0,0.0,3122611.0,144287.0,86214.956
1695571203.7097085,inference,"[[0.5195731187207853, 0.4804268812792148]]",1.0,0.0,0.0,0.0,3164665.0,146118.0,86545.933
1695571204.7430208,inference,"[[0.5195731187207853, 0.4804268812792148]]",1.0,0.0,0.0,0.0,3357231.0,153503.0,91307.55
1695571205.7633288,inference,"[[0.5195731187207853, 0.4804268812792148]]",0.0,0.0,0.0,0.0,3359305.0,154358.0,89705.695
1695571206.7397442,inference,"[[0.5195731187207853, 0.4804268812792148]]",1.0,0.0,0.0,0.0,3199577.0,148743.0,88164.89
1695571207.7539215,inference,"[[0.5195731187207853, 0.4804268812792148]]",0.0,0.0,0.0,0.0,3220878.0,152405.0,88315.991
1695571208.7645485,inference,"[[0.5195731187207853, 0.4804268812792148]]",0.0,0.0,0.0,0.0,3373343.0,152710.0,90514.002
1695571209.7508488,inference,"[[0.5195731187207853, 0.4804268812792148]]",0.0,0.0,0.0,0.0,3244377.0,150085.0,87821.951
1695571210.7779818,inference,"[[0.5195731187207853, 0.4804268812792148]]",1.0,0.0,0.0,0.0,3345755.0,153625.0,89689.678
1695571211.7812068,inference,"[[0.5195731187207853, 0.4804268812792148]]",1.0,0.0,0.0,0.0,3594962.0,159362.0,96937.677
1695571212.7862515,inference,"[[0.5195731187207853, 0.4804268812792148]]",0.0,0.0,0.0,0.0,3233024.0,151916.0,89486.813
1695571213.7856932,inference,"[[0.5195731187207853, 0.4804268812792148]]",0.0,0.0,0.0,0.0,3355338.0,152893.0,92120.697
1695571214.7868042,inference,"[[0.5195731187207853, 0.4804268812792148]]",1.0,0.0,0.0,0.0,3289421.0,151428.0,87524.342
1695571215.7964587,inference,"[[0.5195731187207853, 0.4804268812792148]]",1.0,0.0,0.0,0.0,3375601.0,155212.0,90761.047
1695571216.8101144,inference,"[[0.5195731187207853, 0.4804268812792148]]",0.0,0.0,0.0,0.0,3276542.0,152344.0,88448.316
1695571217.8255305,inference,"[[0.5195731187207853, 0.4804268812792148]]",1.0,0.0,0.0,0.0,3283195.0,151794.0,87424.181
1695571218.8112807,inference,"[[0.5195731187207853, 0.4804268812792148]]",0.0,0.0,0.0,0.0,3253226.0,150878.0,87682.476
1695571219.8243513,inference,"[[0.5195731187207853, 0.4804268812792148]]",0.0,0.0,0.0,0.0,3180351.0,149475.0,86202.046
1695571220.8362887,inference,"[[0.5195731187207853, 0.4804268812792148]]",1.0,0.0,0.0,0.0,3338920.0,154235.0,87493.452
1695571221.8337753,inference,"[[0.5195731187207853, 0.4804268812792148]]",0.0,0.0,0.0,0.0,3166435.0,150146.0,86879.522
1695571222.8368444,inference,"[[0.5195731187207853, 0.4804268812792148]]",1.0,0.0,0.0,0.0,3150993.0,149048.0,86425.146
1695571223.855954,inference,"[[0.5195731187207853, 0.4804268812792148]]",1.0,0.0,0.0,0.0,3294547.0,147705.0,87067.991
1695571224.8546267,inference,"[[0.5195731187207853, 0.4804268812792148]]",1.0,0.0,0.0,0.0,3282035.0,150390.0,90153.342
1695571225.88473,inference,"[[0.5195731187207853, 0.4804268812792148]]",1.0,0.0,0.0,0.0,3219719.0,148499.0,88832.112
1695571226.8982046,inference,"[[0.5195731187207853, 0.4804268812792148]]",0.0,0.0,0.0,0.0,3105888.0,145447.0,85957.764
1695571227.892026,inference,"[[0.5195731187207853, 0.4804268812792148]]",0.0,0.0,0.0,0.0,3083122.0,142577.0,85332.51
1695571228.883253,inference,"[[0.5195731187207853, 0.4804268812792148]]",0.0,0.0,0.0,0.0,3115470.0,145507.0,85551.922
1695571229.9029653,inference,"[[0.5195731187207853, 0.4804268812792148]]",1.0,0.0,0.0,0.0,3095024.0,142883.0,85259.036
1695571230.9095402,inference,"[[0.5195731187207853, 0.4804268812792148]]",1.0,0.0,0.0,0.0,3206413.0,144409.0,87266.465
1695571231.946912,inference,"[[0.5195731187207853, 0.4804268812792148]]",0.0,0.0,0.0,0.0,3102409.0,143615.0,85702.793
1695571232.9326603,inference,"[[0.5195731187207853, 0.4804268812792148]]",0.0,0.0,0.0,0.0,3113883.0,143676.0,86152.501
1695571233.9199727,inference,"[[0.5195731187207853, 0.4804268812792148]]",1.0,0.0,0.0,0.0,3137443.0,143616.0,86438.973
1695571234.928948,inference,"[[0.5195731187207853, 0.4804268812792148]]",0.0,0.0,0.0,0.0,3112052.0,143188.0,85683.329
1695571235.9513361,inference,"[[0.5195731187207853, 0.4804268812792148]]",0.0,0.0,0.0,0.0,3151237.0,143920.0,86738.219
1695571236.9379432,inference,"[[0.5195731187207853, 0.4804268812792148]]",1.0,0.0,0.0,0.0,3223625.0,147156.0,88531.914
1695571237.9599037,inference,"[[0.5195731187207853, 0.4804268812792148]]",1.0,0.0,0.0,0.0,3172049.0,145752.0,86621.618
1695571238.9887981,inference,"[[0.5195731187207853, 0.4804268812792148]]",1.0,0.0,0.0,0.0,3110771.0,142761.0,84970.846
1695571239.9684994,inference,"[[0.5195731187207853, 0.4804268812792148]]",0.0,0.0,0.0,0.0,3127007.0,145324.0,86846.229
1695571240.962777,inference,"[[0.5195731187207853, 0.4804268812792148]]",0.0,0.0,0.0,0.0,3136589.0,145385.0,85340.35
1695571242.0313168,inference,"[[0.5195731187207853, 0.4804268812792148]]",1.0,0.0,0.0,0.0,3220146.0,146301.0,87888.356
1695571242.9910655,inference,"[[0.5195731187207853, 0.4804268812792148]]",0.0,0.0,0.0,0.0,3105766.0,143188.0,86079.62
1695571243.9936876,inference,"[[0.5195731187207853, 0.4804268812792148]]",0.0,0.0,0.0,0.0,3194389.0,146423.0,88888.803
1695571245.0107274,inference,"[[0.5195731187207853, 0.4804268812792148]]",1.0,0.0,0.0,0.0,3241935.0,146911.0,89021.858
1695571246.0050688,inference,"[[0.5195731187207853, 0.4804268812792148]]",1.0,0.0,0.0,0.0,3149345.0,144226.0,86231.074
1695571247.0275373,inference,"[[0.5195731187207853, 0.4804268812792148]]",1.0,0.0,0.0,0.0,3218986.0,145202.0,88639.847
1695571248.0806148,inference,"[[0.5195731187207853, 0.4804268812792148]]",0.0,0.0,0.0,0.0,3158561.0,145691.0,87541.93
1695571249.0443306,inference,"[[0.5195731187207853, 0.4804268812792148]]",1.0,0.0,0.0,0.0,3190116.0,145569.0,87675.359
1695571250.031338,inference,"[[0.5195731187207853, 0.4804268812792148]]",0.0,0.0,0.0,0.0,3126823.0,144042.0,85745.575
1695571251.0358899,inference,"[[0.5195731187207853, 0.4804268812792148]]",1.0,0.0,0.0,0.0,3180961.0,143737.0,85965.468
1695571252.0528727,inference,"[[0.5195731187207853, 0.4804268812792148]]",0.0,0.0,0.0,0.0,4224354.0,182861.0,92769.407
1695571253.0695522,inference,"[[0.5195731187207853, 0.4804268812792148]]",1.0,0.0,0.0,0.0,3188896.0,146789.0,87392.362
1695571254.0762794,inference,"[[0.5195731187207853, 0.4804268812792148]]",0.0,0.0,0.0,0.0,3117667.0,144409.0,85596.725
1695571255.0623481,inference,"[[0.5195731187207853, 0.4804268812792148]]",1.0,0.0,0.0,0.0,3175285.0,145385.0,86727.505
1695571256.082686,inference,"[[0.5195731187207853, 0.4804268812792148]]",1.0,0.0,0.0,0.0,3241446.0,149047.0,88499.393
1695571257.0774016,inference,"[[0.5195731187207853, 0.4804268812792148]]",0.0,0.0,0.0,0.0,3132133.0,145690.0,85533.132
1695571258.0891316,inference,"[[0.5195731187207853, 0.4804268812792148]]",1.0,0.0,0.0,0.0,3307852.0,150085.0,88651.357
1695571259.0937397,inference,"[[0.5195731187207853, 0.4804268812792148]]",1.0,0.0,0.0,0.0,3169914.0,144714.0,86930.156
1695571260.1372383,inference,"[[0.5195731187207853, 0.4804268812792148]]",1.0,0.0,0.0,0.0,3251029.0,146851.0,88462.096
1695571261.1124952,inference,"[[0.5195731187207853, 0.4804268812792148]]",0.0,0.0,0.0,0.0,3194694.0,146606.0,86865.207
1695571262.1165473,inference,"[[0.5195731187207853, 0.4804268812792148]]",0.0,0.0,0.0,0.0,3168205.0,146850.0,89232.116
1695571263.1145258,inference,"[[0.5195731187207853, 0.4804268812792148]]",0.0,0.0,0.0,0.0,3114799.0,146118.0,86243.422
1695571264.1219578,inference,"[[0.5195731187207853, 0.4804268812792148]]",0.0,0.0,0.0,0.0,3191093.0,146972.0,85903.283
1695571265.150583,inference,"[[0.5195731187207853, 0.4804268812792148]]",1.0,0.0,0.0,0.0,3307487.0,150695.0,89666.223
1695571266.145345,inference,"[[0.5195731187207853, 0.4804268812792148]]",0.0,0.0,0.0,0.0,3222770.0,147400.0,86505.173
1695571267.150529,inference,"[[0.5195731187207853, 0.4804268812792148]]",0.0,0.0,0.0,0.0,3177604.0,146362.0,86390.377
1695571268.164308,inference,"[[0.5195731187207853, 0.4804268812792148]]",0.0,0.0,0.0,0.0,3226066.0,146179.0,87824.435
1695571269.1772106,inference,"[[0.5195731187207853, 0.4804268812792148]]",1.0,0.0,0.0,0.0,3179130.0,145630.0,85495.716
1695571270.162879,inference,"[[0.5195731187207853, 0.4804268812792148]]",1.0,0.0,0.0,0.0,3177421.0,145203.0,86133.533
1695571271.1742866,inference,"[[0.5195731187207853, 0.4804268812792148]]",1.0,0.0,0.0,0.0,3135551.0,145019.0,85915.08
1695571272.1822603,inference,"[[0.5195731187207853, 0.4804268812792148]]",0.0,0.0,0.0,0.0,3168815.0,144531.0,86708.444
1695571273.1867292,inference,"[[0.5195731187207853, 0.4804268812792148]]",1.0,0.0,0.0,0.0,3233574.0,147522.0,86620.796
1695571274.2043912,inference,"[[0.5195731187207853, 0.4804268812792148]]",1.0,0.0,0.0,0.0,3295402.0,149413.0,87262.07
1695571275.2003055,inference,"[[0.5195731187207853, 0.4804268812792148]]",1.0,0.0,0.0,0.0,3154228.0,144653.0,86461.812
1695571276.2078314,inference,"[[0.5195731187207853, 0.4804268812792148]]",1.0,0.0,0.0,0.0,3277824.0,148010.0,86650.253
1695571277.2174985,inference,"[[0.5195731187207853, 0.4804268812792148]]",1.0,0.0,0.0,0.0,3208121.0,147095.0,86719.796
1695571278.2287421,inference,"[[0.5195731187207853, 0.4804268812792148]]",1.0,0.0,0.0,0.0,3200736.0,146606.0,86456.834
1695571279.2345405,inference,"[[0.5195731187207853, 0.4804268812792148]]",0.0,0.0,0.0,0.0,3645499.0,164368.0,90929.573
1695571280.2465627,inference,"[[0.5195731187207853, 0.4804268812792148]]",1.0,0.0,0.0,0.0,3251213.0,149780.0,88019.994
1695571281.2817757,inference,"[[0.5195731187207853, 0.4804268812792148]]",1.0,0.0,0.0,0.0,3251335.0,148681.0,89550.937
1695571282.2677834,inference,"[[0.5195731187207853, 0.4804268812792148]]",1.0,0.0,0.0,0.0,3296867.0,149841.0,88072.984
1695571283.2609842,inference,"[[0.5195731187207853, 0.4804268812792148]]",0.0,0.0,0.0,0.0,3113273.0,145081.0,85350.533
1695571284.2682488,inference,"[[0.5195731187207853, 0.4804268812792148]]",1.0,0.0,0.0,0.0,3215629.0,146728.0,88578.491
1695571285.2738893,inference,"[[0.5195731187207853, 0.4804268812792148]]",0.0,0.0,0.0,0.0,3251396.0,148498.0,86809.442
1695571286.2841067,inference,"[[0.5195731187207853, 0.4804268812792148]]",0.0,0.0,0.0,0.0,3363944.0,152526.0,93478.585
1695571561.5595057,retraining,-1,0.5063868613138686,0.0036832412523020255,1.0,0.0018450184501845018,9087745046.0,620993649.0,255917458.69
1695571587.463299,inference,"[[0.520158413980184, 0.4798415860198159]]",0.0,0.0,0.0,0.0,3545035.0,166626.0,113028.398
1695571588.4371216,inference,"[[0.520158413980184, 0.4798415860198159]]",1.0,0.0,0.0,0.0,3487784.0,154907.0,97483.634
1695571589.4133606,inference,"[[0.520158413980184, 0.4798415860198159]]",1.0,0.0,0.0,0.0,3372306.0,153442.0,90244.632
1695571590.4182541,inference,"[[0.520158413980184, 0.4798415860198159]]",0.0,0.0,0.0,0.0,3194938.0,148743.0,88375.462
1695571591.4545147,inference,"[[0.520158413980184, 0.4798415860198159]]",1.0,0.0,0.0,0.0,3229484.0,149535.0,88953.253
1695571592.4606156,inference,"[[0.520158413980184, 0.4798415860198159]]",1.0,0.0,0.0,0.0,3341544.0,153075.0,91984.372
1695571593.4406898,inference,"[[0.520158413980184, 0.4798415860198159]]",1.0,0.0,0.0,0.0,3273734.0,151550.0,89825.05
1695571594.4547055,inference,"[[0.520158413980184, 0.4798415860198159]]",0.0,0.0,0.0,0.0,3248405.0,150268.0,89803.386
1695571595.4731672,inference,"[[0.520158413980184, 0.4798415860198159]]",1.0,0.0,0.0,0.0,3385855.0,157471.0,89770.954
1695571596.4574535,inference,"[[0.520158413980184, 0.4798415860198159]]",0.0,0.0,0.0,0.0,3255545.0,150146.0,88717.012
1695571597.467219,inference,"[[0.520158413980184, 0.4798415860198159]]",1.0,0.0,0.0,0.0,3266715.0,149902.0,88511.171
1695571598.4925225,inference,"[[0.520158413980184, 0.4798415860198159]]",0.0,0.0,0.0,0.0,3313773.0,151489.0,92062.618
1695571599.4924138,inference,"[[0.520158413980184, 0.4798415860198159]]",1.0,0.0,0.0,0.0,3392631.0,154785.0,93242.683
1695571600.4872808,inference,"[[0.520158413980184, 0.4798415860198159]]",0.0,0.0,0.0,0.0,3201774.0,149719.0,89011.356
1695571601.5047524,inference,"[[0.520158413980184, 0.4798415860198159]]",0.0,0.0,0.0,0.0,3272819.0,150574.0,90960.415
1695571602.5245268,inference,"[[0.520158413980184, 0.4798415860198159]]",0.0,0.0,0.0,0.0,3239737.0,150451.0,89812.452
1695571603.5006158,inference,"[[0.520158413980184, 0.4798415860198159]]",0.0,0.0,0.0,0.0,3219108.0,148803.0,88573.376
1695571604.5084388,inference,"[[0.520158413980184, 0.4798415860198159]]",0.0,0.0,0.0,0.0,3234366.0,148986.0,88881.809
1695571605.5244784,inference,"[[0.520158413980184, 0.4798415860198159]]",1.0,0.0,0.0,0.0,3261833.0,150451.0,90003.889
1695571606.5482442,inference,"[[0.520158413980184, 0.4798415860198159]]",0.0,0.0,0.0,0.0,3261771.0,151245.0,89608.233
1695571607.5336645,inference,"[[0.520158413980184, 0.4798415860198159]]",1.0,0.0,0.0,0.0,3252860.0,149291.0,88944.012
1695571608.5386615,inference,"[[0.520158413980184, 0.4798415860198159]]",0.0,0.0,0.0,0.0,3301749.0,150085.0,89021.298
1695571609.554249,inference,"[[0.520158413980184, 0.4798415860198159]]",1.0,0.0,0.0,0.0,3324760.0,152283.0,91761.656
1695571610.5500543,inference,"[[0.520158413980184, 0.4798415860198159]]",0.0,0.0,0.0,0.0,3213553.0,149474.0,88332.511
1695571611.567886,inference,"[[0.520158413980184, 0.4798415860198159]]",0.0,0.0,0.0,0.0,3185905.0,147277.0,87996.185
1695571612.5673075,inference,"[[0.520158413980184, 0.4798415860198159]]",0.0,0.0,0.0,0.0,3220451.0,149902.0,89724.026
1695571613.5774908,inference,"[[0.520158413980184, 0.4798415860198159]]",1.0,0.0,0.0,0.0,3242423.0,149047.0,89097.712
1695571614.5795403,inference,"[[0.520158413980184, 0.4798415860198159]]",1.0,0.0,0.0,0.0,3205497.0,149047.0,89524.011
1695571615.5879078,inference,"[[0.520158413980184, 0.4798415860198159]]",1.0,0.0,0.0,0.0,3241935.0,149109.0,88905.844
1695571616.598955,inference,"[[0.520158413980184, 0.4798415860198159]]",1.0,0.0,0.0,0.0,3277091.0,150574.0,90590.085
1695571617.5969648,inference,"[[0.520158413980184, 0.4798415860198159]]",0.0,0.0,0.0,0.0,3241752.0,149780.0,88946.241
1695571618.608768,inference,"[[0.520158413980184, 0.4798415860198159]]",0.0,0.0,0.0,0.0,3182609.0,147704.0,88297.373
1695571619.6268642,inference,"[[0.520158413980184, 0.4798415860198159]]",0.0,0.0,0.0,0.0,3203239.0,149352.0,89438.031
1695571620.6550388,inference,"[[0.520158413980184, 0.4798415860198159]]",1.0,0.0,0.0,0.0,3223320.0,148986.0,88486.075
1695571621.6353507,inference,"[[0.520158413980184, 0.4798415860198159]]",1.0,0.0,0.0,0.0,3323234.0,153504.0,90624.895
1695571622.6540344,inference,"[[0.520158413980184, 0.4798415860198159]]",1.0,0.0,0.0,0.0,3257255.0,149841.0,88885.789
1695571623.6593604,inference,"[[0.520158413980184, 0.4798415860198159]]",1.0,0.0,0.0,0.0,3301017.0,151367.0,90322.064
1695571624.648113,inference,"[[0.520158413980184, 0.4798415860198159]]",0.0,0.0,0.0,0.0,3190361.0,147888.0,88453.389
1695571625.653363,inference,"[[0.520158413980184, 0.4798415860198159]]",0.0,0.0,0.0,0.0,3188530.0,149719.0,88511.683
1695571626.670103,inference,"[[0.520158413980184, 0.4798415860198159]]",1.0,0.0,0.0,0.0,3372001.0,152588.0,92771.914
1695571627.6697953,inference,"[[0.520158413980184, 0.4798415860198159]]",1.0,0.0,0.0,0.0,3276725.0,151672.0,89539.401
1695571628.6787415,inference,"[[0.520158413980184, 0.4798415860198159]]",0.0,0.0,0.0,0.0,3311698.0,153564.0,91652.546
1695571629.6791415,inference,"[[0.520158413980184, 0.4798415860198159]]",0.0,0.0,0.0,0.0,3220573.0,148315.0,88585.315
1695571630.6876807,inference,"[[0.520158413980184, 0.4798415860198159]]",1.0,0.0,0.0,0.0,3304252.0,152648.0,89629.826
1695571631.7131803,inference,"[[0.520158413980184, 0.4798415860198159]]",0.0,0.0,0.0,0.0,3237846.0,151305.0,89977.946
1695571632.7083354,inference,"[[0.520158413980184, 0.4798415860198159]]",0.0,0.0,0.0,0.0,3244193.0,151489.0,90870.674
1695571633.714934,inference,"[[0.520158413980184, 0.4798415860198159]]",1.0,0.0,0.0,0.0,3347342.0,154113.0,89325.413
1695571634.7162457,inference,"[[0.520158413980184, 0.4798415860198159]]",1.0,0.0,0.0,0.0,3249931.0,150451.0,89029.629
1695571635.7301512,inference,"[[0.520158413980184, 0.4798415860198159]]",1.0,0.0,0.0,0.0,3258170.0,151672.0,89167.19
1695571636.728787,inference,"[[0.520158413980184, 0.4798415860198159]]",1.0,0.0,0.0,0.0,3385551.0,155029.0,90461.526
1695571637.7695155,inference,"[[0.520158413980184, 0.4798415860198159]]",0.0,0.0,0.0,0.0,3361991.0,153992.0,93083.339
1695571638.7746043,inference,"[[0.520158413980184, 0.4798415860198159]]",0.0,0.0,0.0,0.0,3342337.0,157775.0,90246.679
1695571639.7511892,inference,"[[0.520158413980184, 0.4798415860198159]]",1.0,0.0,0.0,0.0,3387442.0,157349.0,90399.433
1695571640.7613928,inference,"[[0.520158413980184, 0.4798415860198159]]",0.0,0.0,0.0,0.0,3219963.0,150451.0,88692.697
1695571641.7749417,inference,"[[0.520158413980184, 0.4798415860198159]]",1.0,0.0,0.0,0.0,3277091.0,153076.0,89858.794
1695571642.777127,inference,"[[0.520158413980184, 0.4798415860198159]]",0.0,0.0,0.0,0.0,3329581.0,153564.0,91851.587
1695571643.7834802,inference,"[[0.520158413980184, 0.4798415860198159]]",0.0,0.0,0.0,0.0,3363456.0,156432.0,91617.951
1695571644.7833955,inference,"[[0.520158413980184, 0.4798415860198159]]",0.0,0.0,0.0,0.0,3317496.0,152039.0,89397.223
1695571645.7915423,inference,"[[0.520158413980184, 0.4798415860198159]]",1.0,0.0,0.0,0.0,3416678.0,157226.0,91022.325
1695571646.8192468,inference,"[[0.520158413980184, 0.4798415860198159]]",0.0,0.0,0.0,0.0,3320487.0,156311.0,90417.397
1695571647.802331,inference,"[[0.520158413980184, 0.4798415860198159]]",0.0,0.0,0.0,0.0,3344962.0,155884.0,89450.729
1695571648.8202374,inference,"[[0.520158413980184, 0.4798415860198159]]",0.0,0.0,0.0,0.0,3674002.0,164550.0,99633.617
1695571649.8329856,inference,"[[0.520158413980184, 0.4798415860198159]]",1.0,0.0,0.0,0.0,3354911.0,154785.0,90598.427
1695571650.8255734,inference,"[[0.520158413980184, 0.4798415860198159]]",1.0,0.0,0.0,0.0,3421561.0,159057.0,91923.82
1695571651.8313897,inference,"[[0.520158413980184, 0.4798415860198159]]",1.0,0.0,0.0,0.0,3430717.0,157837.0,90255.019
1695571652.8369799,inference,"[[0.520158413980184, 0.4798415860198159]]",1.0,0.0,0.0,0.0,3343375.0,155273.0,90019.735
1695571653.8499856,inference,"[[0.520158413980184, 0.4798415860198159]]",1.0,0.0,0.0,0.0,3356986.0,155334.0,90934.887
1695571654.8791273,inference,"[[0.520158413980184, 0.4798415860198159]]",0.0,0.0,0.0,0.0,3375968.0,158691.0,92760.29
1695571655.8670917,inference,"[[0.520158413980184, 0.4798415860198159]]",0.0,0.0,0.0,0.0,3413505.0,158325.0,91064.927
1695571656.8687067,inference,"[[0.520158413980184, 0.4798415860198159]]",1.0,0.0,0.0,0.0,3351127.0,155883.0,89929.414
1695571657.8750033,inference,"[[0.520158413980184, 0.4798415860198159]]",1.0,0.0,0.0,0.0,3337394.0,157227.0,91465.712
1695571658.96393,inference,"[[0.520158413980184, 0.4798415860198159]]",1.0,0.0,0.0,0.0,3315604.0,151672.0,91264.844
1695571659.8835828,inference,"[[0.520158413980184, 0.4798415860198159]]",1.0,0.0,0.0,0.0,3351371.0,156372.0,90402.253
1695571660.899893,inference,"[[0.520158413980184, 0.4798415860198159]]",0.0,0.0,0.0,0.0,3386344.0,155945.0,93296.152
1695571661.9162943,inference,"[[0.520158413980184, 0.4798415860198159]]",0.0,0.0,0.0,0.0,3224113.0,149291.0,89661.789
1695571662.9082763,inference,"[[0.520158413980184, 0.4798415860198159]]",1.0,0.0,0.0,0.0,3209037.0,151305.0,89587.432
1695571663.9233394,inference,"[[0.520158413980184, 0.4798415860198159]]",0.0,0.0,0.0,0.0,3230826.0,150268.0,89173.962
1695571664.9197683,inference,"[[0.520158413980184, 0.4798415860198159]]",0.0,0.0,0.0,0.0,3217032.0,148865.0,89229.379
1695571665.935676,inference,"[[0.520158413980184, 0.4798415860198159]]",0.0,0.0,0.0,0.0,3315299.0,152710.0,89522.447
1695571666.9382837,inference,"[[0.520158413980184, 0.4798415860198159]]",0.0,0.0,0.0,0.0,3220329.0,148742.0,88715.521
1695571667.9596045,inference,"[[0.520158413980184, 0.4798415860198159]]",1.0,0.0,0.0,0.0,3264518.0,151550.0,89931.815
1695571668.942958,inference,"[[0.520158413980184, 0.4798415860198159]]",0.0,0.0,0.0,0.0,3300041.0,151855.0,90492.934
1695571669.9560335,inference,"[[0.520158413980184, 0.4798415860198159]]",0.0,0.0,0.0,0.0,3225334.0,148437.0,89456.394
1695571670.9561083,inference,"[[0.520158413980184, 0.4798415860198159]]",1.0,0.0,0.0,0.0,3262077.0,152100.0,89717.823
1695571671.996425,inference,"[[0.520158413980184, 0.4798415860198159]]",1.0,0.0,0.0,0.0,3218620.0,149719.0,89114.784
1695571672.972268,inference,"[[0.520158413980184, 0.4798415860198159]]",0.0,0.0,0.0,0.0,3187736.0,147704.0,88168.282
1695571673.9869688,inference,"[[0.520158413980184, 0.4798415860198159]]",1.0,0.0,0.0,0.0,3275322.0,151123.0,90650.845
1695571674.998396,inference,"[[0.520158413980184, 0.4798415860198159]]",0.0,0.0,0.0,0.0,3266044.0,150207.0,89635.09
1695571675.9968379,inference,"[[0.520158413980184, 0.4798415860198159]]",0.0,0.0,0.0,0.0,3269645.0,150574.0,89844.737
1695571677.0208194,inference,"[[0.520158413980184, 0.4798415860198159]]",1.0,0.0,0.0,0.0,3288383.0,151428.0,89539.846
1695571678.00609,inference,"[[0.520158413980184, 0.4798415860198159]]",0.0,0.0,0.0,0.0,3236870.0,149963.0,88703.802
1695571679.013651,inference,"[[0.520158413980184, 0.4798415860198159]]",1.0,0.0,0.0,0.0,3309317.0,153992.0,90221.939
1695571680.0328104,inference,"[[0.520158413980184, 0.4798415860198159]]",1.0,0.0,0.0,0.0,3570242.0,159729.0,98678.707
1695571681.0588539,inference,"[[0.520158413980184, 0.4798415860198159]]",0.0,0.0,0.0,0.0,3280326.0,152221.0,89179.937
1695571682.0422165,inference,"[[0.520158413980184, 0.4798415860198159]]",0.0,0.0,0.0,0.0,3280204.0,151122.0,90969.536
1695571683.0583334,inference,"[[0.520158413980184, 0.4798415860198159]]",0.0,0.0,0.0,0.0,3294364.0,151672.0,88629.89
1695571684.061256,inference,"[[0.520158413980184, 0.4798415860198159]]",0.0,0.0,0.0,0.0,3281974.0,151856.0,89424.556
1695571685.064114,inference,"[[0.520158413980184, 0.4798415860198159]]",1.0,0.0,0.0,0.0,3286735.0,150390.0,89697.578
1695571686.1081648,inference,"[[0.520158413980184, 0.4798415860198159]]",1.0,0.0,0.0,0.0,3310050.0,151611.0,91145.536
1695571687.0835574,inference,"[[0.520158413980184, 0.4798415860198159]]",1.0,0.0,0.0,0.0,3257071.0,149596.0,89326.301
1695571688.0763466,inference,"[[0.520158413980184, 0.4798415860198159]]",0.0,0.0,0.0,0.0,3286735.0,150329.0,89322.22
1695571689.1193397,inference,"[[0.520158413980184, 0.4798415860198159]]",1.0,0.0,0.0,0.0,3292106.0,151672.0,90733.484
1695571690.0917344,inference,"[[0.520158413980184, 0.4798415860198159]]",0.0,0.0,0.0,0.0,3207573.0,148620.0,88331.906
1695571691.1086352,inference,"[[0.520158413980184, 0.4798415860198159]]",1.0,0.0,0.0,0.0,3324089.0,152893.0,92363.332
1695571692.1040063,inference,"[[0.520158413980184, 0.4798415860198159]]",0.0,0.0,0.0,0.0,3273735.0,151123.0,89824.708
1695571693.1146023,inference,"[[0.520158413980184, 0.4798415860198159]]",0.0,0.0,0.0,0.0,3237235.0,150696.0,89614.457
1695571694.112721,inference,"[[0.520158413980184, 0.4798415860198159]]",0.0,0.0,0.0,0.0,3210807.0,149475.0,88873.824
1695571695.124172,inference,"[[0.520158413980184, 0.4798415860198159]]",0.0,0.0,0.0,0.0,3206962.0,151489.0,89095.711
1695571696.1400084,inference,"[[0.520158413980184, 0.4798415860198159]]",1.0,0.0,0.0,0.0,3225150.0,148865.0,89752.575
1695571697.1351876,inference,"[[0.520158413980184, 0.4798415860198159]]",0.0,0.0,0.0,0.0,3208915.0,150146.0,88538.576
1695571698.187666,inference,"[[0.520158413980184, 0.4798415860198159]]",1.0,0.0,0.0,0.0,3333182.0,154053.0,89548.07
1695571699.1501484,inference,"[[0.520158413980184, 0.4798415860198159]]",1.0,0.0,0.0,0.0,3263603.0,150695.0,90163.98
1695571700.160174,inference,"[[0.520158413980184, 0.4798415860198159]]",1.0,0.0,0.0,0.0,3209037.0,148742.0,89766.515
1695571701.1658516,inference,"[[0.520158413980184, 0.4798415860198159]]",1.0,0.0,0.0,0.0,3363639.0,154540.0,92175.208
1695571702.172269,inference,"[[0.520158413980184, 0.4798415860198159]]",0.0,0.0,0.0,0.0,3260489.0,150451.0,90327.879
1695571703.1727884,inference,"[[0.520158413980184, 0.4798415860198159]]",1.0,0.0,0.0,0.0,3238640.0,150024.0,88735.432
1695571704.1853337,inference,"[[0.520158413980184, 0.4798415860198159]]",0.0,0.0,0.0,0.0,3377127.0,153564.0,90065.737
1695571705.1944952,inference,"[[0.520158413980184, 0.4798415860198159]]",1.0,0.0,0.0,0.0,3319145.0,152648.0,89880.863
1695571706.2323132,inference,"[[0.520158413980184, 0.4798415860198159]]",0.0,0.0,0.0,0.0,3278007.0,151733.0,88889.099
1695571707.2127318,inference,"[[0.520158413980184, 0.4798415860198159]]",1.0,0.0,0.0,0.0,3400077.0,156067.0,91242.242
1695572003.1116164,retraining,-1,0.5151785714285714,0.0,0.0,0.0,9778172905.0,666929079.0,275835514.243
1695572008.342106,inference,"[[0.5170740793618115, 0.48292592063818857]]",1.0,0.0,0.0,0.0,3420828.0,163635.0,94775.282
1695572009.316659,inference,"[[0.5170740793618115, 0.48292592063818857]]",1.0,0.0,0.0,0.0,3644400.0,161071.0,100978.998
1695572010.3085022,inference,"[[0.5170740793618115, 0.48292592063818857]]",1.0,0.0,0.0,0.0,3372245.0,155700.0,92527.867
1695572011.3129427,inference,"[[0.5170740793618115, 0.48292592063818857]]",1.0,0.0,0.0,0.0,3322135.0,154114.0,91331.957
1695572012.3363419,inference,"[[0.5170740793618115, 0.48292592063818857]]",0.0,0.0,0.0,0.0,3402274.0,156860.0,93324.723
1695572013.3306892,inference,"[[0.5170740793618115, 0.48292592063818857]]",1.0,0.0,0.0,0.0,3379630.0,154724.0,91986.807
1695572014.3634627,inference,"[[0.5170740793618115, 0.48292592063818857]]",1.0,0.0,0.0,0.0,3413931.0,155396.0,92528.759
1695572015.3567517,inference,"[[0.5170740793618115, 0.48292592063818857]]",0.0,0.0,0.0,0.0,3352591.0,153808.0,92398.77
1695572016.3774052,inference,"[[0.5170740793618115, 0.48292592063818857]]",0.0,0.0,0.0,0.0,3336478.0,154541.0,91696.091
1695572017.3702128,inference,"[[0.5170740793618115, 0.48292592063818857]]",1.0,0.0,0.0,0.0,3444266.0,157532.0,95047.944
1695572018.4371042,inference,"[[0.5170740793618115, 0.48292592063818857]]",1.0,0.0,0.0,0.0,3362052.0,154784.0,92539.332
1695572019.3785422,inference,"[[0.5170740793618115, 0.48292592063818857]]",0.0,0.0,0.0,0.0,3308646.0,154357.0,91766.408
1695572020.4014282,inference,"[[0.5170740793618115, 0.48292592063818857]]",1.0,0.0,0.0,0.0,3404593.0,156128.0,92253.655
1695572021.4006803,inference,"[[0.5170740793618115, 0.48292592063818857]]",1.0,0.0,0.0,0.0,3356254.0,154235.0,92179.034
1695572022.4162276,inference,"[[0.5170740793618115, 0.48292592063818857]]",0.0,0.0,0.0,0.0,3359061.0,154602.0,92412.529
1695572023.4174783,inference,"[[0.5170740793618115, 0.48292592063818857]]",0.0,0.0,0.0,0.0,3433280.0,155639.0,95118.905
1695572024.4253576,inference,"[[0.5170740793618115, 0.48292592063818857]]",1.0,0.0,0.0,0.0,3373466.0,156128.0,93535.726
1695572025.4234788,inference,"[[0.5170740793618115, 0.48292592063818857]]",0.0,0.0,0.0,0.0,3353385.0,155518.0,91485.067
1695572026.4293253,inference,"[[0.5170740793618115, 0.48292592063818857]]",0.0,0.0,0.0,0.0,3295280.0,152832.0,91265.071
1695572027.444239,inference,"[[0.5170740793618115, 0.48292592063818857]]",0.0,0.0,0.0,0.0,3460257.0,160644.0,92919.557
1695572028.4857516,inference,"[[0.5170740793618115, 0.48292592063818857]]",1.0,0.0,0.0,0.0,3406180.0,157409.0,92724.214
1695572029.447958,inference,"[[0.5170740793618115, 0.48292592063818857]]",0.0,0.0,0.0,0.0,3324332.0,153015.0,91292.358
1695572030.4641285,inference,"[[0.5170740793618115, 0.48292592063818857]]",0.0,0.0,0.0,0.0,3371695.0,156616.0,92527.037
1695572031.4622545,inference,"[[0.5170740793618115, 0.48292592063818857]]",1.0,0.0,0.0,0.0,3363028.0,154602.0,92194.019
1695572032.471125,inference,"[[0.5170740793618115, 0.48292592063818857]]",0.0,0.0,0.0,0.0,3371512.0,155395.0,93513.138
1695572033.5029566,inference,"[[0.5170740793618115, 0.48292592063818857]]",0.0,0.0,0.0,0.0,3445304.0,158935.0,93389.126
1695572034.4939876,inference,"[[0.5170740793618115, 0.48292592063818857]]",1.0,0.0,0.0,0.0,3400993.0,155761.0,92043.363
1695572035.487381,inference,"[[0.5170740793618115, 0.48292592063818857]]",0.0,0.0,0.0,0.0,3334464.0,154541.0,92027.651
1695572036.4966426,inference,"[[0.5170740793618115, 0.48292592063818857]]",1.0,0.0,0.0,0.0,3326469.0,154297.0,90879.905
1695572037.5270517,inference,"[[0.5170740793618115, 0.48292592063818857]]",1.0,0.0,0.0,0.0,3370414.0,155274.0,92190.982
1695572038.518353,inference,"[[0.5170740793618115, 0.48292592063818857]]",0.0,0.0,0.0,0.0,3409659.0,156066.0,92238.53
1695572039.5133495,inference,"[[0.5170740793618115, 0.48292592063818857]]",1.0,0.0,0.0,0.0,3375907.0,155517.0,92180.633
1695572040.5291321,inference,"[[0.5170740793618115, 0.48292592063818857]]",1.0,0.0,0.0,0.0,3430961.0,156066.0,92819.386
1695572041.5509863,inference,"[[0.5170740793618115, 0.48292592063818857]]",0.0,0.0,0.0,0.0,3463553.0,158935.0,92316.159
1695572042.53728,inference,"[[0.5170740793618115, 0.48292592063818857]]",1.0,0.0,0.0,0.0,3352897.0,154662.0,92429.867
1695572043.5455601,inference,"[[0.5170740793618115, 0.48292592063818857]]",1.0,0.0,0.0,0.0,3331718.0,153381.0,91808.318
1695572044.5545616,inference,"[[0.5170740793618115, 0.48292592063818857]]",1.0,0.0,0.0,0.0,3446463.0,157531.0,92806.914
1695572045.5573583,inference,"[[0.5170740793618115, 0.48292592063818857]]",1.0,0.0,0.0,0.0,3393180.0,155273.0,93092.278
1695572046.58113,inference,"[[0.5170740793618115, 0.48292592063818857]]",1.0,0.0,0.0,0.0,3475089.0,158874.0,94205.716
1695572047.573546,inference,"[[0.5170740793618115, 0.48292592063818857]]",0.0,0.0,0.0,0.0,3401542.0,154846.0,92876.647
1695572048.584569,inference,"[[0.5170740793618115, 0.48292592063818857]]",1.0,0.0,0.0,0.0,3577262.0,161682.0,97261.45
1695572049.6001651,inference,"[[0.5170740793618115, 0.48292592063818857]]",0.0,0.0,0.0,0.0,3404044.0,159057.0,92470.326
1695572050.592664,inference,"[[0.5170740793618115, 0.48292592063818857]]",1.0,0.0,0.0,0.0,3434195.0,158080.0,93614.496
1695572051.6036088,inference,"[[0.5170740793618115, 0.48292592063818857]]",1.0,0.0,0.0,0.0,3424918.0,157470.0,93709.949
1695572052.6072676,inference,"[[0.5170740793618115, 0.48292592063818857]]",0.0,0.0,0.0,0.0,3465385.0,158569.0,94259.022
1695572053.6177168,inference,"[[0.5170740793618115, 0.48292592063818857]]",1.0,0.0,0.0,0.0,3472586.0,160461.0,93167.969
1695572054.6378553,inference,"[[0.5170740793618115, 0.48292592063818857]]",1.0,0.0,0.0,0.0,5311265.0,222412.0,112211.787
1695572055.6550586,inference,"[[0.5170740793618115, 0.48292592063818857]]",0.0,0.0,0.0,0.0,3520560.0,162109.0,94291.454
1695572056.6625295,inference,"[[0.5170740793618115, 0.48292592063818857]]",0.0,0.0,0.0,0.0,3449148.0,160217.0,94158.486
1695572057.6590445,inference,"[[0.5170740793618115, 0.48292592063818857]]",0.0,0.0,0.0,0.0,3543997.0,163086.0,95196.767
1695572058.7772696,inference,"[[0.5170740793618115, 0.48292592063818857]]",0.0,0.0,0.0,0.0,3379874.0,157165.0,92078.54
1695572059.6907823,inference,"[[0.5170740793618115, 0.48292592063818857]]",0.0,0.0,0.0,0.0,3559439.0,162231.0,93102.01
1695572060.667946,inference,"[[0.5170740793618115, 0.48292592063818857]]",1.0,0.0,0.0,0.0,3642324.0,166381.0,95480.496
1695572061.7229378,inference,"[[0.5170740793618115, 0.48292592063818857]]",1.0,0.0,0.0,0.0,3428458.0,156494.0,93539.611
1695572062.707901,inference,"[[0.5170740793618115, 0.48292592063818857]]",0.0,0.0,0.0,0.0,3411490.0,157775.0,94437.184
1695572063.703626,inference,"[[0.5170740793618115, 0.48292592063818857]]",0.0,0.0,0.0,0.0,3488821.0,160522.0,95013.871
1695572064.7863076,inference,"[[0.5170740793618115, 0.48292592063818857]]",1.0,0.0,0.0,0.0,3445975.0,157226.0,92999.148
1695572065.7078333,inference,"[[0.5170740793618115, 0.48292592063818857]]",0.0,0.0,0.0,0.0,3602347.0,162353.0,96023.599
1695572066.7155433,inference,"[[0.5170740793618115, 0.48292592063818857]]",0.0,0.0,0.0,0.0,3325797.0,154968.0,92272.777
1695572067.7554376,inference,"[[0.5170740793618115, 0.48292592063818857]]",1.0,0.0,0.0,0.0,3482718.0,159790.0,96030.329
1695572068.7464786,inference,"[[0.5170740793618115, 0.48292592063818857]]",1.0,0.0,0.0,0.0,3424796.0,159668.0,93959.872
1695572069.7268672,inference,"[[0.5170740793618115, 0.48292592063818857]]",1.0,0.0,0.0,0.0,3388602.0,157165.0,92293.126
1695572070.7429225,inference,"[[0.5170740793618115, 0.48292592063818857]]",0.0,0.0,0.0,0.0,3381339.0,156921.0,92918.92
1695572071.746149,inference,"[[0.5170740793618115, 0.48292592063818857]]",0.0,0.0,0.0,0.0,3339957.0,154723.0,92212.138
1695572072.7522755,inference,"[[0.5170740793618115, 0.48292592063818857]]",0.0,0.0,0.0,0.0,3399161.0,156554.0,92093.735
1695572073.7974863,inference,"[[0.5170740793618115, 0.48292592063818857]]",1.0,0.0,0.0,0.0,3455008.0,157593.0,94245.974
1695572074.76006,inference,"[[0.5170740793618115, 0.48292592063818857]]",0.0,0.0,0.0,0.0,3344169.0,155639.0,91883.623
1695572075.7538338,inference,"[[0.5170740793618115, 0.48292592063818857]]",1.0,0.0,0.0,0.0,3464713.0,159240.0,92140.554
1695572076.75999,inference,"[[0.5170740793618115, 0.48292592063818857]]",0.0,0.0,0.0,0.0,3350516.0,155456.0,91135.374
1695572077.794446,inference,"[[0.5170740793618115, 0.48292592063818857]]",1.0,0.0,0.0,0.0,3393851.0,156067.0,92630.851
1695572078.7901495,inference,"[[0.5170740793618115, 0.48292592063818857]]",0.0,0.0,0.0,0.0,3610952.0,164978.0,99211.631
1695572079.7958355,inference,"[[0.5170740793618115, 0.48292592063818857]]",1.0,0.0,0.0,0.0,3395560.0,156554.0,92729.705
1695572080.8061926,inference,"[[0.5170740793618115, 0.48292592063818857]]",1.0,0.0,0.0,0.0,3344168.0,155334.0,91976.898
1695572081.8209448,inference,"[[0.5170740793618115, 0.48292592063818857]]",1.0,0.0,0.0,0.0,3403922.0,157592.0,92229.708
1695572082.811691,inference,"[[0.5170740793618115, 0.48292592063818857]]",0.0,0.0,0.0,0.0,3334769.0,155029.0,92631.54
1695572083.807961,inference,"[[0.5170740793618115, 0.48292592063818857]]",0.0,0.0,0.0,0.0,3432181.0,159546.0,92960.516
1695572084.8268435,inference,"[[0.5170740793618115, 0.48292592063818857]]",0.0,0.0,0.0,0.0,3315360.0,155212.0,91750.59
1695572085.827033,inference,"[[0.5170740793618115, 0.48292592063818857]]",0.0,0.0,0.0,0.0,3395499.0,156799.0,92198.426
1695572086.8377779,inference,"[[0.5170740793618115, 0.48292592063818857]]",0.0,0.0,0.0,0.0,3380180.0,156006.0,92038.734
1695572087.8473988,inference,"[[0.5170740793618115, 0.48292592063818857]]",1.0,0.0,0.0,0.0,3426871.0,157592.0,93704.704
1695572088.8578422,inference,"[[0.5170740793618115, 0.48292592063818857]]",1.0,0.0,0.0,0.0,3400382.0,158142.0,93144.665
1695572089.862331,inference,"[[0.5170740793618115, 0.48292592063818857]]",1.0,0.0,0.0,0.0,3499502.0,159118.0,97127.197
1695572090.8739984,inference,"[[0.5170740793618115, 0.48292592063818857]]",1.0,0.0,0.0,0.0,3508719.0,159362.0,95683.752
1695572091.8735487,inference,"[[0.5170740793618115, 0.48292592063818857]]",1.0,0.0,0.0,0.0,3464164.0,158385.0,94656.608
1695572092.9424138,inference,"[[0.5170740793618115, 0.48292592063818857]]",0.0,0.0,0.0,0.0,3429739.0,158386.0,94572.618
1695572093.905577,inference,"[[0.5170740793618115, 0.48292592063818857]]",0.0,0.0,0.0,0.0,3326895.0,154114.0,91497.275
1695572094.9042506,inference,"[[0.5170740793618115, 0.48292592063818857]]",1.0,0.0,0.0,0.0,3462027.0,158813.0,95755.25
1695572095.9281106,inference,"[[0.5170740793618115, 0.48292592063818857]]",1.0,0.0,0.0,0.0,3443717.0,159424.0,93186.742
1695572096.9048991,inference,"[[0.5170740793618115, 0.48292592063818857]]",1.0,0.0,0.0,0.0,3410453.0,158203.0,94416.132
1695572097.9433153,inference,"[[0.5170740793618115, 0.48292592063818857]]",1.0,0.0,0.0,0.0,3410147.0,155090.0,92178.044
1695572098.9328027,inference,"[[0.5170740793618115, 0.48292592063818857]]",1.0,0.0,0.0,0.0,3414847.0,157531.0,92782.15
1695572099.9372265,inference,"[[0.5170740793618115, 0.48292592063818857]]",1.0,0.0,0.0,0.0,3458182.0,157165.0,94512.777
1695572100.942591,inference,"[[0.5170740793618115, 0.48292592063818857]]",0.0,0.0,0.0,0.0,3420157.0,157714.0,94429.274
1695572101.9443433,inference,"[[0.5170740793618115, 0.48292592063818857]]",1.0,0.0,0.0,0.0,3423331.0,156921.0,95311.218
1695572102.9413223,inference,"[[0.5170740793618115, 0.48292592063818857]]",1.0,0.0,0.0,0.0,3382865.0,155090.0,92916.542
1695572103.9532654,inference,"[[0.5170740793618115, 0.48292592063818857]]",1.0,0.0,0.0,0.0,3430411.0,160034.0,94496.707
1695572104.9596608,inference,"[[0.5170740793618115, 0.48292592063818857]]",0.0,0.0,0.0,0.0,3343863.0,154784.0,92002.688
1695572105.9677937,inference,"[[0.5170740793618115, 0.48292592063818857]]",0.0,0.0,0.0,0.0,3373099.0,156128.0,92468.437
1695572106.992086,inference,"[[0.5170740793618115, 0.48292592063818857]]",1.0,0.0,0.0,0.0,3497855.0,162109.0,95189.994
1695572108.0020063,inference,"[[0.5170740793618115, 0.48292592063818857]]",0.0,0.0,0.0,0.0,3425589.0,158447.0,93013.655
1695572108.9967465,inference,"[[0.5170740793618115, 0.48292592063818857]]",1.0,0.0,0.0,0.0,3376945.0,155273.0,92342.2
1695572110.014107,inference,"[[0.5170740793618115, 0.48292592063818857]]",1.0,0.0,0.0,0.0,3524039.0,159363.0,93720.746
1695572111.012046,inference,"[[0.5170740793618115, 0.48292592063818857]]",0.0,0.0,0.0,0.0,3409354.0,158202.0,94166.003
1695572112.0104704,inference,"[[0.5170740793618115, 0.48292592063818857]]",1.0,0.0,0.0,0.0,3423636.0,157776.0,94087.581
1695572113.0305336,inference,"[[0.5170740793618115, 0.48292592063818857]]",1.0,0.0,0.0,0.0,3520193.0,159484.0,94393.585
1695572114.0136597,inference,"[[0.5170740793618115, 0.48292592063818857]]",0.0,0.0,0.0,0.0,3335319.0,154724.0,92255.413
1695572115.053638,inference,"[[0.5170740793618115, 0.48292592063818857]]",0.0,0.0,0.0,0.0,3331168.0,155151.0,92118.976
1695572116.060482,inference,"[[0.5170740793618115, 0.48292592063818857]]",0.0,0.0,0.0,0.0,3413626.0,158202.0,92532.636
1695572117.06536,inference,"[[0.5170740793618115, 0.48292592063818857]]",1.0,0.0,0.0,0.0,3401664.0,157898.0,93462.886
1695572118.0440776,inference,"[[0.5170740793618115, 0.48292592063818857]]",1.0,0.0,0.0,0.0,3436820.0,158691.0,94269.269
1695572119.0810974,inference,"[[0.5170740793618115, 0.48292592063818857]]",1.0,0.0,0.0,0.0,3464164.0,159057.0,95026.527
1695572120.0644875,inference,"[[0.5170740793618115, 0.48292592063818857]]",0.0,0.0,0.0,0.0,3352225.0,155944.0,93223.467
1695572121.0755367,inference,"[[0.5170740793618115, 0.48292592063818857]]",1.0,0.0,0.0,0.0,3367972.0,155395.0,92807.869
1695572122.0728538,inference,"[[0.5170740793618115, 0.48292592063818857]]",1.0,0.0,0.0,0.0,3408927.0,157043.0,92793.384
1695572123.0866356,inference,"[[0.5170740793618115, 0.48292592063818857]]",0.0,0.0,0.0,0.0,3399100.0,157715.0,94898.088
1695572124.0992718,inference,"[[0.5170740793618115, 0.48292592063818857]]",1.0,0.0,0.0,0.0,3356925.0,156311.0,92570.286
1695572125.1259518,inference,"[[0.5170740793618115, 0.48292592063818857]]",1.0,0.0,0.0,0.0,3424430.0,156616.0,93942.284
1695572126.110619,inference,"[[0.5170740793618115, 0.48292592063818857]]",1.0,0.0,0.0,0.0,3407401.0,158142.0,93598.311
1695572127.123904,inference,"[[0.5170740793618115, 0.48292592063818857]]",1.0,0.0,0.0,0.0,3429618.0,158630.0,94748.674
1695572128.1203704,inference,"[[0.5170740793618115, 0.48292592063818857]]",0.0,0.0,0.0,0.0,3491751.0,158264.0,94418.837
1695572441.6952553,retraining,-1,0.48164335664335667,0.0,0.0,0.0,10513196169.0,713361944.0,292855262.956
1695573177.761082,retraining,-1,0.4922945205479452,0.003361344537815126,1.0,0.0016835016835016834,10875909170.0,748418799.0,305718047.095
1695573179.0940218,inference,"[[0.5251323399118325, 0.47486766008816744]]",0.0,0.0,0.0,0.0,3579825.0,166748.0,98760.532
1695573179.6046767,inference,"[[0.5251323399118325, 0.47486766008816744]]",1.0,0.0,0.0,0.0,4275136.0,182372.0,112925.461
1695573181.123849,inference,"[[0.5251323399118325, 0.47486766008816744]]",0.0,0.0,0.0,0.0,3762869.0,167053.0,100330.876
1695573217.7453713,inference,"[[0.5251323399118325, 0.47486766008816744]]",1.0,0.0,0.0,0.0,19451061.0,624022.0,547350.612
1695573288.5769987,inference,"[[0.5251323399118325, 0.47486766008816744]]",1.0,0.0,0.0,0.0,5981308.0,210815.0,127863.734
1695573624.6860573,retraining,-1,0.514261744966443,0.0,0.0,0.0,12019821463.0,813225030.0,332039158.594
