timestamp,action,confidence,accuracy,f1,precision,recall,cpu,dram,time
1695560565.238033,retraining,-1,0.488,0.0,0.0,0.0,6941988454.0,471872083.0,194096746.767
1695560654.5372336,inference,"[[0.5229081467427815, 0.47709185325721853]]",1.0,0.0,0.0,0.0,3840872.0,156493.0,109399.015
1695560655.5127127,inference,"[[0.5229081467427815, 0.47709185325721853]]",1.0,0.0,0.0,0.0,3203422.0,141479.0,90578.0
1695560656.4987752,inference,"[[0.5229081467427815, 0.47709185325721853]]",1.0,0.0,0.0,0.0,2861382.0,133850.0,79029.035
1695560657.5117447,inference,"[[0.5229081467427815, 0.47709185325721853]]",0.0,0.0,0.0,0.0,2921074.0,135254.0,81975.206
1695560658.5059085,inference,"[[0.5229081467427815, 0.47709185325721853]]",1.0,0.0,0.0,0.0,2894768.0,134887.0,78327.891
1695560659.5228283,inference,"[[0.5229081467427815, 0.47709185325721853]]",0.0,0.0,0.0,0.0,2960015.0,138977.0,81973.354
1695560660.558119,inference,"[[0.5229081467427815, 0.47709185325721853]]",1.0,0.0,0.0,0.0,3233757.0,151916.0,84741.146
1695560661.5518782,inference,"[[0.5229081467427815, 0.47709185325721853]]",0.0,0.0,0.0,0.0,2869378.0,134338.0,80221.693
1695560662.5546806,inference,"[[0.5229081467427815, 0.47709185325721853]]",1.0,0.0,0.0,0.0,3372122.0,149719.0,79488.79
1695560663.5581,inference,"[[0.5229081467427815, 0.47709185325721853]]",1.0,0.0,0.0,0.0,2719781.0,124328.0,76488.404
1695560664.609769,inference,"[[0.5229081467427815, 0.47709185325721853]]",1.0,0.0,0.0,0.0,3511832.0,159424.0,90955.367
1695560665.6165414,inference,"[[0.5229081467427815, 0.47709185325721853]]",0.0,0.0,0.0,0.0,2772820.0,125244.0,77833.7
1695560666.6143305,inference,"[[0.5229081467427815, 0.47709185325721853]]",1.0,0.0,0.0,0.0,3309379.0,148315.0,83505.919
1695560667.5932937,inference,"[[0.5229081467427815, 0.47709185325721853]]",1.0,0.0,0.0,0.0,5581101.0,238036.0,102170.467
1695560668.5851471,inference,"[[0.5229081467427815, 0.47709185325721853]]",1.0,0.0,0.0,0.0,2852653.0,131896.0,78324.444
1695560669.5851574,inference,"[[0.5229081467427815, 0.47709185325721853]]",1.0,0.0,0.0,0.0,2782036.0,126037.0,77211.735
1695560670.5885322,inference,"[[0.5229081467427815, 0.47709185325721853]]",1.0,0.0,0.0,0.0,2794366.0,125060.0,77643.29
1695560671.5955794,inference,"[[0.5229081467427815, 0.47709185325721853]]",1.0,0.0,0.0,0.0,3332267.0,139709.0,79154.645
1695560672.5958018,inference,"[[0.5229081467427815, 0.47709185325721853]]",0.0,0.0,0.0,0.0,2727166.0,122985.0,77131.149
1695560673.6169882,inference,"[[0.5229081467427815, 0.47709185325721853]]",0.0,0.0,0.0,0.0,2783135.0,124023.0,78699.919
1695560674.6164322,inference,"[[0.5229081467427815, 0.47709185325721853]]",0.0,0.0,0.0,0.0,2682794.0,121704.0,75942.133
1695560675.6287076,inference,"[[0.5229081467427815, 0.47709185325721853]]",1.0,0.0,0.0,0.0,2731927.0,123108.0,76785.224
1695560676.7212436,inference,"[[0.5229081467427815, 0.47709185325721853]]",0.0,0.0,0.0,0.0,2642816.0,119872.0,75648.197
1695560677.6333122,inference,"[[0.5229081467427815, 0.47709185325721853]]",0.0,0.0,0.0,0.0,2649285.0,119751.0,75718.442
1695560678.652271,inference,"[[0.5229081467427815, 0.47709185325721853]]",1.0,0.0,0.0,0.0,2841118.0,125915.0,80951.066
1695560679.6639342,inference,"[[0.5229081467427815, 0.47709185325721853]]",0.0,0.0,0.0,0.0,2994927.0,131530.0,77748.596
1695560680.6644046,inference,"[[0.5229081467427815, 0.47709185325721853]]",0.0,0.0,0.0,0.0,2652154.0,119567.0,75582.468
1695560681.6553466,inference,"[[0.5229081467427815, 0.47709185325721853]]",1.0,0.0,0.0,0.0,2750726.0,121582.0,75461.0
1695560682.6850948,inference,"[[0.5229081467427815, 0.47709185325721853]]",1.0,0.0,0.0,0.0,2677971.0,121826.0,75951.944
1695560683.6796496,inference,"[[0.5229081467427815, 0.47709185325721853]]",1.0,0.0,0.0,0.0,3007988.0,136108.0,79044.857
1695560684.6772418,inference,"[[0.5229081467427815, 0.47709185325721853]]",0.0,0.0,0.0,0.0,2775078.0,128052.0,76527.133
1695560685.719512,inference,"[[0.5229081467427815, 0.47709185325721853]]",1.0,0.0,0.0,0.0,3458731.0,146668.0,83127.305
1695560686.7059329,inference,"[[0.5229081467427815, 0.47709185325721853]]",0.0,0.0,0.0,0.0,2651300.0,121399.0,75665.731
1695560687.693052,inference,"[[0.5229081467427815, 0.47709185325721853]]",0.0,0.0,0.0,0.0,2715569.0,121826.0,75746.859
1695560688.7268744,inference,"[[0.5229081467427815, 0.47709185325721853]]",1.0,0.0,0.0,0.0,2731378.0,123840.0,76269.049
1695560689.7854292,inference,"[[0.5229081467427815, 0.47709185325721853]]",0.0,0.0,0.0,0.0,2933281.0,131164.0,76914.083
1695560690.7157001,inference,"[[0.5229081467427815, 0.47709185325721853]]",1.0,0.0,0.0,0.0,3381705.0,146484.0,79055.49
1695560691.719312,inference,"[[0.5229081467427815, 0.47709185325721853]]",0.0,0.0,0.0,0.0,2694023.0,121704.0,75524.137
1695560692.7328973,inference,"[[0.5229081467427815, 0.47709185325721853]]",1.0,0.0,0.0,0.0,2856499.0,131530.0,77529.535
1695560693.7375016,inference,"[[0.5229081467427815, 0.47709185325721853]]",0.0,0.0,0.0,0.0,2682366.0,119690.0,76296.708
1695560694.7655177,inference,"[[0.5229081467427815, 0.47709185325721853]]",1.0,0.0,0.0,0.0,3456168.0,141235.0,78416.936
1695560695.752248,inference,"[[0.5229081467427815, 0.47709185325721853]]",1.0,0.0,0.0,0.0,2699334.0,120727.0,75487.29
1695560696.7498202,inference,"[[0.5229081467427815, 0.47709185325721853]]",0.0,0.0,0.0,0.0,2660211.0,121520.0,75683.094
1695560697.7587397,inference,"[[0.5229081467427815, 0.47709185325721853]]",1.0,0.0,0.0,0.0,2683831.0,122680.0,75962.673
1695560698.79418,inference,"[[0.5229081467427815, 0.47709185325721853]]",0.0,0.0,0.0,0.0,2721673.0,122437.0,76468.119
1695560699.7718532,inference,"[[0.5229081467427815, 0.47709185325721853]]",0.0,0.0,0.0,0.0,2641839.0,119873.0,75673.647
1695560700.7792838,inference,"[[0.5229081467427815, 0.47709185325721853]]",1.0,0.0,0.0,0.0,2693047.0,120849.0,75937.645
1695560701.7903023,inference,"[[0.5229081467427815, 0.47709185325721853]]",1.0,0.0,0.0,0.0,2715020.0,122619.0,77210.306
1695560702.8281047,inference,"[[0.5229081467427815, 0.47709185325721853]]",0.0,0.0,0.0,0.0,2741509.0,122924.0,76232.103
1695560703.8242335,inference,"[[0.5229081467427815, 0.47709185325721853]]",1.0,0.0,0.0,0.0,2692315.0,120361.0,76058.778
1695560704.8116007,inference,"[[0.5229081467427815, 0.47709185325721853]]",0.0,0.0,0.0,0.0,2642816.0,119079.0,74868.819
1695560705.8089228,inference,"[[0.5229081467427815, 0.47709185325721853]]",0.0,0.0,0.0,0.0,2644097.0,118530.0,75423.683
1695560706.8974438,inference,"[[0.5229081467427815, 0.47709185325721853]]",1.0,0.0,0.0,0.0,2716912.0,123108.0,76265.355
1695560707.8456962,inference,"[[0.5229081467427815, 0.47709185325721853]]",0.0,0.0,0.0,0.0,2725395.0,122437.0,75757.534
1695560708.832553,inference,"[[0.5229081467427815, 0.47709185325721853]]",1.0,0.0,0.0,0.0,2682000.0,120239.0,76445.211
1695560709.8448348,inference,"[[0.5229081467427815, 0.47709185325721853]]",1.0,0.0,0.0,0.0,2659540.0,120422.0,75819.563
1695560710.8468852,inference,"[[0.5229081467427815, 0.47709185325721853]]",0.0,0.0,0.0,0.0,2709222.0,122253.0,76165.569
1695560711.847456,inference,"[[0.5229081467427815, 0.47709185325721853]]",0.0,0.0,0.0,0.0,2640801.0,119385.0,74750.621
1695560712.868997,inference,"[[0.5229081467427815, 0.47709185325721853]]",1.0,0.0,0.0,0.0,2932366.0,137939.0,78341.271
1695560713.8657398,inference,"[[0.5229081467427815, 0.47709185325721853]]",0.0,0.0,0.0,0.0,2760613.0,122192.0,76283.171
1695560932.80529,retraining,-1,0.4851778656126482,0.0038240917782026767,1.0,0.0019157088122605363,7273820124.0,491458275.0,202354045.447
1695561014.9723363,inference,"[[0.5234172389779629, 0.4765827610220372]]",0.0,0.0,0.0,0.0,2862846.0,132873.0,79719.334
1695561015.9835687,inference,"[[0.5234172389779629, 0.4765827610220372]]",1.0,0.0,0.0,0.0,3123100.0,139465.0,87842.489
1695561016.9794486,inference,"[[0.5234172389779629, 0.4765827610220372]]",1.0,0.0,0.0,0.0,2924309.0,133788.0,81011.546
1695561018.0068831,inference,"[[0.5234172389779629, 0.4765827610220372]]",0.0,0.0,0.0,0.0,2856621.0,132140.0,79053.402
1695561018.998704,inference,"[[0.5234172389779629, 0.4765827610220372]]",0.0,0.0,0.0,0.0,2821281.0,132263.0,78723.78
1695561020.004541,inference,"[[0.5234172389779629, 0.4765827610220372]]",0.0,0.0,0.0,0.0,2875725.0,133789.0,80605.663
1695561021.0087452,inference,"[[0.5234172389779629, 0.4765827610220372]]",1.0,0.0,0.0,0.0,2863213.0,131225.0,78864.722
1695561022.0124435,inference,"[[0.5234172389779629, 0.4765827610220372]]",1.0,0.0,0.0,0.0,2866997.0,132141.0,79075.959
1695561023.05154,inference,"[[0.5234172389779629, 0.4765827610220372]]",1.0,0.0,0.0,0.0,2907769.0,134155.0,79680.426
1695561024.034364,inference,"[[0.5234172389779629, 0.4765827610220372]]",0.0,0.0,0.0,0.0,2852959.0,132446.0,78707.129
1695561025.0471935,inference,"[[0.5234172389779629, 0.4765827610220372]]",1.0,0.0,0.0,0.0,3000725.0,136108.0,82336.441
1695561026.0471807,inference,"[[0.5234172389779629, 0.4765827610220372]]",0.0,0.0,0.0,0.0,2924553.0,135803.0,79665.431
1695561027.0487752,inference,"[[0.5234172389779629, 0.4765827610220372]]",1.0,0.0,0.0,0.0,2835075.0,131714.0,79785.735
1695561028.1492434,inference,"[[0.5234172389779629, 0.4765827610220372]]",0.0,0.0,0.0,0.0,2833733.0,132263.0,78511.907
1695561029.0623226,inference,"[[0.5234172389779629, 0.4765827610220372]]",1.0,0.0,0.0,0.0,2892266.0,134216.0,79767.825
1695561030.076696,inference,"[[0.5234172389779629, 0.4765827610220372]]",1.0,0.0,0.0,0.0,2896843.0,133972.0,80209.473
1695561031.1015296,inference,"[[0.5234172389779629, 0.4765827610220372]]",0.0,0.0,0.0,0.0,2933342.0,135254.0,82317.058
1695561032.0843425,inference,"[[0.5234172389779629, 0.4765827610220372]]",1.0,0.0,0.0,0.0,2923821.0,135132.0,80547.145
1695561033.086615,inference,"[[0.5234172389779629, 0.4765827610220372]]",0.0,0.0,0.0,0.0,2872795.0,134521.0,79574.554
1695561034.0977402,inference,"[[0.5234172389779629, 0.4765827610220372]]",0.0,0.0,0.0,0.0,2887199.0,133117.0,79252.323
1695561035.1290162,inference,"[[0.5234172389779629, 0.4765827610220372]]",1.0,0.0,0.0,0.0,2872246.0,131897.0,79482.683
1695561036.1232693,inference,"[[0.5234172389779629, 0.4765827610220372]]",0.0,0.0,0.0,0.0,2855522.0,132995.0,78911.337
1695561037.112114,inference,"[[0.5234172389779629, 0.4765827610220372]]",0.0,0.0,0.0,0.0,2881645.0,133606.0,78758.057
1695561038.135552,inference,"[[0.5234172389779629, 0.4765827610220372]]",1.0,0.0,0.0,0.0,2884820.0,131652.0,78706.966
1695561039.1327872,inference,"[[0.5234172389779629, 0.4765827610220372]]",1.0,0.0,0.0,0.0,2906182.0,133361.0,80047.701
1695561040.133099,inference,"[[0.5234172389779629, 0.4765827610220372]]",0.0,0.0,0.0,0.0,2859428.0,132019.0,79490.428
1695561041.1428406,inference,"[[0.5234172389779629, 0.4765827610220372]]",0.0,0.0,0.0,0.0,2842766.0,130676.0,79241.133
1695561042.1472259,inference,"[[0.5234172389779629, 0.4765827610220372]]",1.0,0.0,0.0,0.0,2909843.0,135376.0,79837.115
1695561043.1760652,inference,"[[0.5234172389779629, 0.4765827610220372]]",1.0,0.0,0.0,0.0,2932305.0,134094.0,79889.809
1695561044.1647713,inference,"[[0.5234172389779629, 0.4765827610220372]]",1.0,0.0,0.0,0.0,2929314.0,133667.0,80789.414
1695561045.170993,inference,"[[0.5234172389779629, 0.4765827610220372]]",1.0,0.0,0.0,0.0,2900811.0,132262.0,80419.532
1695561046.1825676,inference,"[[0.5234172389779629, 0.4765827610220372]]",0.0,0.0,0.0,0.0,2973259.0,135315.0,82915.976
1695561047.1863425,inference,"[[0.5234172389779629, 0.4765827610220372]]",1.0,0.0,0.0,0.0,3027824.0,137329.0,83846.445
1695561048.182891,inference,"[[0.5234172389779629, 0.4765827610220372]]",1.0,0.0,0.0,0.0,2918694.0,133850.0,79646.688
1695561049.1922402,inference,"[[0.5234172389779629, 0.4765827610220372]]",0.0,0.0,0.0,0.0,2886406.0,131347.0,80445.878
1695561050.2097428,inference,"[[0.5234172389779629, 0.4765827610220372]]",1.0,0.0,0.0,0.0,2921441.0,134460.0,79493.493
1695561051.2061577,inference,"[[0.5234172389779629, 0.4765827610220372]]",0.0,0.0,0.0,0.0,2912895.0,134093.0,81327.402
1695561052.215366,inference,"[[0.5234172389779629, 0.4765827610220372]]",0.0,0.0,0.0,0.0,2952385.0,135925.0,80895.444
1695561053.2311554,inference,"[[0.5234172389779629, 0.4765827610220372]]",1.0,0.0,0.0,0.0,2989128.0,135619.0,81660.248
1695561054.2329707,inference,"[[0.5234172389779629, 0.4765827610220372]]",1.0,0.0,0.0,0.0,2878960.0,132385.0,79347.594
1695561055.259279,inference,"[[0.5234172389779629, 0.4765827610220372]]",1.0,0.0,0.0,0.0,3004875.0,139098.0,81248.941
1695561056.264527,inference,"[[0.5234172389779629, 0.4765827610220372]]",0.0,0.0,0.0,0.0,3070244.0,141296.0,83229.589
1695561057.2669492,inference,"[[0.5234172389779629, 0.4765827610220372]]",0.0,0.0,0.0,0.0,3232231.0,146484.0,87234.854
1695561058.2642884,inference,"[[0.5234172389779629, 0.4765827610220372]]",1.0,0.0,0.0,0.0,2996148.0,137512.0,80097.076
1695561059.2674081,inference,"[[0.5234172389779629, 0.4765827610220372]]",0.0,0.0,0.0,0.0,3037346.0,139282.0,81768.061
1695561060.2726405,inference,"[[0.5234172389779629, 0.4765827610220372]]",0.0,0.0,0.0,0.0,3079338.0,141052.0,82422.757
1695561061.2866066,inference,"[[0.5234172389779629, 0.4765827610220372]]",1.0,0.0,0.0,0.0,3005608.0,139831.0,81409.98
1695561062.2912223,inference,"[[0.5234172389779629, 0.4765827610220372]]",1.0,0.0,0.0,0.0,3073417.0,140808.0,83027.021
1695561063.2983623,inference,"[[0.5234172389779629, 0.4765827610220372]]",1.0,0.0,0.0,0.0,3813345.0,171691.0,87069.779
1695561064.3023293,inference,"[[0.5234172389779629, 0.4765827610220372]]",1.0,0.0,0.0,0.0,3185477.0,145141.0,85793.93
1695561065.3428996,inference,"[[0.5234172389779629, 0.4765827610220372]]",1.0,0.0,0.0,0.0,3033439.0,142883.0,81142.942
1695561066.3127728,inference,"[[0.5234172389779629, 0.4765827610220372]]",1.0,0.0,0.0,0.0,2995964.0,138000.0,80705.75
1695561067.3368607,inference,"[[0.5234172389779629, 0.4765827610220372]]",1.0,0.0,0.0,0.0,3010002.0,142334.0,81170.627
1695561068.3374293,inference,"[[0.5234172389779629, 0.4765827610220372]]",0.0,0.0,0.0,0.0,3582388.0,155518.0,90479.904
1695561069.3243442,inference,"[[0.5234172389779629, 0.4765827610220372]]",0.0,0.0,0.0,0.0,2978386.0,139526.0,80590.591
1695561070.3476372,inference,"[[0.5234172389779629, 0.4765827610220372]]",1.0,0.0,0.0,0.0,3085929.0,143554.0,84124.177
1695561071.3460364,inference,"[[0.5234172389779629, 0.4765827610220372]]",1.0,0.0,0.0,0.0,3076286.0,142456.0,81893.791
1695561072.374636,inference,"[[0.5234172389779629, 0.4765827610220372]]",1.0,0.0,0.0,0.0,3494071.0,150268.0,83006.098
1695561073.3590894,inference,"[[0.5234172389779629, 0.4765827610220372]]",1.0,0.0,0.0,0.0,3055534.0,141540.0,81769.299
1695561074.395971,inference,"[[0.5234172389779629, 0.4765827610220372]]",0.0,0.0,0.0,0.0,4985278.0,211181.0,96658.997
1695561300.2536492,retraining,-1,0.4951171875,0.0,0.0,0.0,7523481351.0,509762183.0,209001366.703
1695561375.4719846,inference,"[[0.522491962816212, 0.47750803718378815]]",0.0,0.0,0.0,0.0,2845085.0,128479.0,79609.247
1695561376.4871068,inference,"[[0.522491962816212, 0.47750803718378815]]",1.0,0.0,0.0,0.0,3045463.0,130981.0,85916.841
1695561377.4846005,inference,"[[0.522491962816212, 0.47750803718378815]]",1.0,0.0,0.0,0.0,2784844.0,125793.0,79019.295
1695561378.4933646,inference,"[[0.522491962816212, 0.47750803718378815]]",0.0,0.0,0.0,0.0,2754571.0,123840.0,78395.799
1695561379.4965694,inference,"[[0.522491962816212, 0.47750803718378815]]",1.0,0.0,0.0,0.0,2819512.0,128235.0,79333.984
1695561380.5194387,inference,"[[0.522491962816212, 0.47750803718378815]]",0.0,0.0,0.0,0.0,2810540.0,127197.0,79218.106
1695561381.5123239,inference,"[[0.522491962816212, 0.47750803718378815]]",0.0,0.0,0.0,0.0,2885307.0,126342.0,79726.261
1695561382.5306509,inference,"[[0.522491962816212, 0.47750803718378815]]",1.0,0.0,0.0,0.0,2832696.0,126587.0,79637.495
1695561383.5267959,inference,"[[0.522491962816212, 0.47750803718378815]]",1.0,0.0,0.0,0.0,2833306.0,127319.0,80437.556
1695561384.5292509,inference,"[[0.522491962816212, 0.47750803718378815]]",1.0,0.0,0.0,0.0,2761895.0,123595.0,78176.08
1695561385.5407224,inference,"[[0.522491962816212, 0.47750803718378815]]",0.0,0.0,0.0,0.0,2864372.0,129150.0,79010.791
1695561386.5551226,inference,"[[0.522491962816212, 0.47750803718378815]]",1.0,0.0,0.0,0.0,2826775.0,126159.0,79938.981
1695561387.553007,inference,"[[0.522491962816212, 0.47750803718378815]]",1.0,0.0,0.0,0.0,2916131.0,128723.0,81303.553
1695561388.5643933,inference,"[[0.522491962816212, 0.47750803718378815]]",0.0,0.0,0.0,0.0,2775261.0,124878.0,78223.772
1695561389.5804577,inference,"[[0.522491962816212, 0.47750803718378815]]",0.0,0.0,0.0,0.0,2754326.0,123779.0,78208.882
1695561390.5752568,inference,"[[0.522491962816212, 0.47750803718378815]]",0.0,0.0,0.0,0.0,2840447.0,126220.0,80601.905
1695561391.583122,inference,"[[0.522491962816212, 0.47750803718378815]]",0.0,0.0,0.0,0.0,2807610.0,126099.0,78327.825
1695561392.5880084,inference,"[[0.522491962816212, 0.47750803718378815]]",1.0,0.0,0.0,0.0,2817742.0,126281.0,79403.918
1695561393.5911467,inference,"[[0.522491962816212, 0.47750803718378815]]",1.0,0.0,0.0,0.0,2800286.0,125732.0,78937.655
1695561394.5943992,inference,"[[0.522491962816212, 0.47750803718378815]]",0.0,0.0,0.0,0.0,2736687.0,124633.0,78295.918
1695561395.6235738,inference,"[[0.522491962816212, 0.47750803718378815]]",0.0,0.0,0.0,0.0,2792596.0,125121.0,78931.163
1695561396.6349325,inference,"[[0.522491962816212, 0.47750803718378815]]",1.0,0.0,0.0,0.0,2836723.0,125244.0,79074.569
1695561397.6365745,inference,"[[0.522491962816212, 0.47750803718378815]]",1.0,0.0,0.0,0.0,2824272.0,125488.0,78715.937
1695561398.626106,inference,"[[0.522491962816212, 0.47750803718378815]]",1.0,0.0,0.0,0.0,2897454.0,127136.0,80481.057
1695561399.633131,inference,"[[0.522491962816212, 0.47750803718378815]]",1.0,0.0,0.0,0.0,2778984.0,124512.0,77679.054
1695561400.6403792,inference,"[[0.522491962816212, 0.47750803718378815]]",0.0,0.0,0.0,0.0,2810784.0,125610.0,78559.957
1695561401.6420918,inference,"[[0.522491962816212, 0.47750803718378815]]",1.0,0.0,0.0,0.0,2802361.0,125733.0,77941.215
1695561402.6473088,inference,"[[0.522491962816212, 0.47750803718378815]]",0.0,0.0,0.0,0.0,2756036.0,123535.0,77531.597
1695561403.656379,inference,"[[0.8596209722467779, 0.1403790277532221]]",1.0,0.0,0.0,0.0,2791192.0,126220.0,79905.4
1695561404.662201,inference,"[[0.522491962816212, 0.47750803718378815]]",1.0,0.0,0.0,0.0,2823845.0,126343.0,79499.955
1695561405.6667352,inference,"[[0.522491962816212, 0.47750803718378815]]",0.0,0.0,0.0,0.0,2755181.0,123291.0,78358.781
1695561406.6809568,inference,"[[0.522491962816212, 0.47750803718378815]]",0.0,0.0,0.0,0.0,2784295.0,124817.0,78898.92
1695561407.69512,inference,"[[0.522491962816212, 0.47750803718378815]]",1.0,0.0,0.0,0.0,2888116.0,129272.0,80734.594
1695561408.6965432,inference,"[[0.522491962816212, 0.47750803718378815]]",0.0,0.0,0.0,0.0,2823479.0,126891.0,80418.513
1695561409.6965985,inference,"[[0.522491962816212, 0.47750803718378815]]",0.0,0.0,0.0,0.0,2757073.0,123291.0,78140.255
1695561410.717566,inference,"[[0.522491962816212, 0.47750803718378815]]",0.0,0.0,0.0,0.0,2803215.0,126281.0,79868.146
1695561411.8064744,inference,"[[0.522491962816212, 0.47750803718378815]]",1.0,0.0,0.0,0.0,2775384.0,123351.0,78306.959
1695561412.7515273,inference,"[[0.522491962816212, 0.47750803718378815]]",1.0,0.0,0.0,0.0,2826775.0,127807.0,79999.003
1695561413.7301118,inference,"[[0.522491962816212, 0.47750803718378815]]",1.0,0.0,0.0,0.0,2819756.0,125610.0,78910.811
1695561414.7386441,inference,"[[0.522491962816212, 0.47750803718378815]]",1.0,0.0,0.0,0.0,2798210.0,124999.0,78971.803
1695561415.7350326,inference,"[[0.522491962816212, 0.47750803718378815]]",0.0,0.0,0.0,0.0,2749627.0,122864.0,78525.579
1695561416.7414727,inference,"[[0.522491962816212, 0.47750803718378815]]",0.0,0.0,0.0,0.0,2798272.0,127747.0,79192.674
1695561417.7559154,inference,"[[0.522491962816212, 0.47750803718378815]]",1.0,0.0,0.0,0.0,2759880.0,123962.0,78212.634
1695561418.754571,inference,"[[0.522491962816212, 0.47750803718378815]]",1.0,0.0,0.0,0.0,2839531.0,127746.0,79773.357
1695561419.7653873,inference,"[[0.522491962816212, 0.47750803718378815]]",1.0,0.0,0.0,0.0,2858208.0,127808.0,80362.162
1695561420.778963,inference,"[[0.522491962816212, 0.47750803718378815]]",1.0,0.0,0.0,0.0,2849602.0,126159.0,79589.328
1695561421.7757542,inference,"[[0.522491962816212, 0.47750803718378815]]",0.0,0.0,0.0,0.0,2768303.0,125610.0,78390.66
1695561422.790422,inference,"[[0.522491962816212, 0.47750803718378815]]",1.0,0.0,0.0,0.0,2821770.0,127075.0,78484.747
1695561423.7855546,inference,"[[0.8596209722467779, 0.1403790277532221]]",1.0,0.0,0.0,0.0,2734124.0,124267.0,77736.717
1695561424.7946467,inference,"[[0.522491962816212, 0.47750803718378815]]",0.0,0.0,0.0,0.0,2821465.0,126220.0,78195.969
1695561425.7999089,inference,"[[0.522491962816212, 0.47750803718378815]]",0.0,0.0,0.0,0.0,2793572.0,125427.0,78456.949
1695561426.820364,inference,"[[0.522491962816212, 0.47750803718378815]]",0.0,0.0,0.0,0.0,2785150.0,123657.0,79385.722
1695561427.815862,inference,"[[0.522491962816212, 0.47750803718378815]]",0.0,0.0,0.0,0.0,2735894.0,124023.0,77427.711
1695561428.8500245,inference,"[[0.522491962816212, 0.47750803718378815]]",1.0,0.0,0.0,0.0,2830193.0,125915.0,80073.141
1695561429.8331633,inference,"[[0.522491962816212, 0.47750803718378815]]",0.0,0.0,0.0,0.0,2760918.0,123229.0,78108.699
1695561430.839253,inference,"[[0.522491962816212, 0.47750803718378815]]",1.0,0.0,0.0,0.0,2816521.0,124817.0,79100.897
1695561431.8404498,inference,"[[0.522491962816212, 0.47750803718378815]]",0.0,0.0,0.0,0.0,2809808.0,125244.0,78773.114
1695561432.852444,inference,"[[0.522491962816212, 0.47750803718378815]]",1.0,0.0,0.0,0.0,2818596.0,124999.0,78924.987
1695561433.8774376,inference,"[[0.522491962816212, 0.47750803718378815]]",0.0,0.0,0.0,0.0,2806817.0,124878.0,78542.463
1695561434.881615,inference,"[[0.522491962816212, 0.47750803718378815]]",1.0,0.0,0.0,0.0,2795098.0,124633.0,79177.763
1695561667.0498955,retraining,-1,0.4922779922779923,0.0,0.0,0.0,7638179177.0,521922187.0,214518771.808
1695561735.979385,inference,"[[0.5229417398364326, 0.4770582601635676]]",0.0,0.0,0.0,0.0,2851739.0,129028.0,80523.964
1695561736.9952378,inference,"[[0.5229417398364326, 0.4770582601635676]]",1.0,0.0,0.0,0.0,3080803.0,135192.0,87572.126
1695561737.993288,inference,"[[0.5229417398364326, 0.4770582601635676]]",1.0,0.0,0.0,0.0,2862053.0,128662.0,80202.69
1695561738.997738,inference,"[[0.5229417398364326, 0.4770582601635676]]",0.0,0.0,0.0,0.0,2858758.0,129638.0,80764.423
1695561740.0067072,inference,"[[0.5229417398364326, 0.4770582601635676]]",1.0,0.0,0.0,0.0,2825798.0,127991.0,79892.122
1695561741.0178277,inference,"[[0.5229417398364326, 0.4770582601635676]]",1.0,0.0,0.0,0.0,2786491.0,126342.0,79873.075
1695561742.0142848,inference,"[[0.5229417398364326, 0.4770582601635676]]",0.0,0.0,0.0,0.0,2885185.0,129822.0,80068.066
1695561743.0247414,inference,"[[0.5229417398364326, 0.4770582601635676]]",0.0,0.0,0.0,0.0,2821831.0,126830.0,79817.51
1695561744.0340934,inference,"[[0.5229417398364326, 0.4770582601635676]]",0.0,0.0,0.0,0.0,2796868.0,126098.0,79673.184
1695561745.0628414,inference,"[[0.5229417398364326, 0.4770582601635676]]",1.0,0.0,0.0,0.0,2830071.0,127869.0,80286.638
1695561746.0411525,inference,"[[0.5229417398364326, 0.4770582601635676]]",0.0,0.0,0.0,0.0,2796441.0,126221.0,78885.911
1695561747.060648,inference,"[[0.5229417398364326, 0.4770582601635676]]",1.0,0.0,0.0,0.0,2904900.0,129272.0,82213.957
1695561748.0577402,inference,"[[0.5229417398364326, 0.4770582601635676]]",1.0,0.0,0.0,0.0,2842705.0,127442.0,79838.437
1695561749.0634916,inference,"[[0.5229417398364326, 0.4770582601635676]]",1.0,0.0,0.0,0.0,2859490.0,128905.0,80546.446
1695561750.071185,inference,"[[0.5229417398364326, 0.4770582601635676]]",0.0,0.0,0.0,0.0,2785699.0,126098.0,79361.242
1695561751.0761545,inference,"[[0.5229417398364326, 0.4770582601635676]]",1.0,0.0,0.0,0.0,2873161.0,127991.0,81302.56
1695561752.0905583,inference,"[[0.5229417398364326, 0.4770582601635676]]",0.0,0.0,0.0,0.0,2882439.0,129394.0,81760.182
1695561753.0913568,inference,"[[0.5229417398364326, 0.4770582601635676]]",0.0,0.0,0.0,0.0,2817864.0,128479.0,80101.482
1695561754.0935102,inference,"[[0.5229417398364326, 0.4770582601635676]]",1.0,0.0,0.0,0.0,2838555.0,127441.0,79472.804
1695561755.1067147,inference,"[[0.5229417398364326, 0.4770582601635676]]",0.0,0.0,0.0,0.0,2857781.0,128845.0,80322.879
1695561756.1084306,inference,"[[0.5229417398364326, 0.4770582601635676]]",1.0,0.0,0.0,0.0,2816033.0,126953.0,80204.22
1695561757.113248,inference,"[[0.5229417398364326, 0.4770582601635676]]",0.0,0.0,0.0,0.0,2797783.0,126647.0,79033.13
1695561758.1193419,inference,"[[0.5229417398364326, 0.4770582601635676]]",0.0,0.0,0.0,0.0,2784722.0,126159.0,79128.621
1695561759.127527,inference,"[[0.5229417398364326, 0.4770582601635676]]",1.0,0.0,0.0,0.0,2805962.0,126098.0,79823.761
1695561760.1366835,inference,"[[0.5229417398364326, 0.4770582601635676]]",0.0,0.0,0.0,0.0,2859123.0,127807.0,80602.862
1695561761.168811,inference,"[[0.5229417398364326, 0.4770582601635676]]",0.0,0.0,0.0,0.0,2896354.0,130187.0,81813.506
1695561762.1561885,inference,"[[0.5229417398364326, 0.4770582601635676]]",1.0,0.0,0.0,0.0,2909843.0,129394.0,80607.315
1695561763.162293,inference,"[[0.5229417398364326, 0.4770582601635676]]",1.0,0.0,0.0,0.0,2878411.0,127380.0,81240.131
1695561764.1606224,inference,"[[0.5229417398364326, 0.4770582601635676]]",0.0,0.0,0.0,0.0,2829522.0,126831.0,80468.179
1695561765.1728241,inference,"[[0.5229417398364326, 0.4770582601635676]]",0.0,0.0,0.0,0.0,2832452.0,127746.0,79551.83
1695561766.1774814,inference,"[[0.5229417398364326, 0.4770582601635676]]",0.0,0.0,0.0,0.0,2788200.0,125427.0,79308.019
1695561767.1815076,inference,"[[0.5229417398364326, 0.4770582601635676]]",0.0,0.0,0.0,0.0,2833916.0,128234.0,79910.121
1695561768.1967413,inference,"[[0.5229417398364326, 0.4770582601635676]]",0.0,0.0,0.0,0.0,2836235.0,128113.0,79888.546
1695561769.1951869,inference,"[[0.5229417398364326, 0.4770582601635676]]",0.0,0.0,0.0,0.0,2868218.0,127685.0,80979.145
1695561770.2071443,inference,"[[0.5229417398364326, 0.4770582601635676]]",1.0,0.0,0.0,0.0,2875542.0,131042.0,81235.096
1695561771.2116458,inference,"[[0.5229417398364326, 0.4770582601635676]]",0.0,0.0,0.0,0.0,2850274.0,128479.0,80039.665
1695561772.2179258,inference,"[[0.5229417398364326, 0.4770582601635676]]",1.0,0.0,0.0,0.0,2861199.0,129882.0,81459.151
1695561773.2468266,inference,"[[0.5229417398364326, 0.4770582601635676]]",0.0,0.0,0.0,0.0,2838189.0,127380.0,80337.79
1695561774.2775807,inference,"[[0.5229417398364326, 0.4770582601635676]]",0.0,0.0,0.0,0.0,2868645.0,129516.0,81184.836
1695561775.271742,inference,"[[0.5229417398364326, 0.4770582601635676]]",1.0,0.0,0.0,0.0,2886772.0,129760.0,81079.041
1695561776.2456946,inference,"[[0.5229417398364326, 0.4770582601635676]]",1.0,0.0,0.0,0.0,2801140.0,128112.0,79939.841
1695561777.2537754,inference,"[[0.5229417398364326, 0.4770582601635676]]",0.0,0.0,0.0,0.0,2853691.0,128418.0,80396.468
1695561778.2623186,inference,"[[0.5229417398364326, 0.4770582601635676]]",1.0,0.0,0.0,0.0,2968377.0,131348.0,83604.3
1695561779.2877688,inference,"[[0.5229417398364326, 0.4770582601635676]]",1.0,0.0,0.0,0.0,2865471.0,128784.0,81309.704
1695561780.2787259,inference,"[[0.5229417398364326, 0.4770582601635676]]",1.0,0.0,0.0,0.0,2906121.0,130737.0,81892.26
1695561781.2806866,inference,"[[0.5229417398364326, 0.4770582601635676]]",1.0,0.0,0.0,0.0,2931633.0,131225.0,81586.495
1695561782.287277,inference,"[[0.5229417398364326, 0.4770582601635676]]",1.0,0.0,0.0,0.0,2868156.0,129333.0,80432.987
1695561783.294459,inference,"[[0.5229417398364326, 0.4770582601635676]]",1.0,0.0,0.0,0.0,2879143.0,128784.0,80442.777
1695561784.3032744,inference,"[[0.5229417398364326, 0.4770582601635676]]",0.0,0.0,0.0,0.0,2842400.0,129455.0,80677.966
1695561785.3114347,inference,"[[0.5229417398364326, 0.4770582601635676]]",0.0,0.0,0.0,0.0,2896599.0,128967.0,81852.825
1695561786.31581,inference,"[[0.5229417398364326, 0.4770582601635676]]",1.0,0.0,0.0,0.0,2980949.0,131714.0,82833.175
1695561787.329216,inference,"[[0.5229417398364326, 0.4770582601635676]]",0.0,0.0,0.0,0.0,2799980.0,127075.0,79645.44
1695561788.3374436,inference,"[[0.5229417398364326, 0.4770582601635676]]",0.0,0.0,0.0,0.0,2880669.0,129760.0,80098.652
1695561789.341503,inference,"[[0.5229417398364326, 0.4770582601635676]]",0.0,0.0,0.0,0.0,2984550.0,131958.0,83093.555
1695561790.3437023,inference,"[[0.5229417398364326, 0.4770582601635676]]",0.0,0.0,0.0,0.0,2840080.0,128235.0,79242.567
1695561791.349426,inference,"[[0.5229417398364326, 0.4770582601635676]]",1.0,0.0,0.0,0.0,2926262.0,130676.0,81679.932
1695561792.3570406,inference,"[[0.5229417398364326, 0.4770582601635676]]",0.0,0.0,0.0,0.0,3104545.0,136901.0,81878.707
1695561793.3596005,inference,"[[0.5229417398364326, 0.4770582601635676]]",1.0,0.0,0.0,0.0,2853997.0,128723.0,79566.714
1695561794.3689063,inference,"[[0.5229417398364326, 0.4770582601635676]]",1.0,0.0,0.0,0.0,2923881.0,130432.0,80872.895
1695561795.3893716,inference,"[[0.5229417398364326, 0.4770582601635676]]",1.0,0.0,0.0,0.0,2947014.0,131286.0,82215.235
1695562035.8080673,retraining,-1,0.4866412213740458,0.0,0.0,0.0,7939430115.0,541395526.0,222564175.207
1695562096.5052996,inference,"[[0.5239194211825079, 0.47608057881749205]]",1.0,0.0,0.0,0.0,3022271.0,137146.0,84078.494
1695562097.4942386,inference,"[[0.5239194211825079, 0.47608057881749205]]",0.0,0.0,0.0,0.0,3172721.0,138977.0,90538.513
1695562098.4949496,inference,"[[0.5239194211825079, 0.47608057881749205]]",0.0,0.0,0.0,0.0,2900200.0,130920.0,82376.544
1695562099.5046341,inference,"[[0.5239194211825079, 0.47608057881749205]]",0.0,0.0,0.0,0.0,2965507.0,134155.0,82388.387
1695562100.5127208,inference,"[[0.5239194211825079, 0.47608057881749205]]",0.0,0.0,0.0,0.0,3005363.0,136536.0,82675.547
1695562101.5182748,inference,"[[0.5239194211825079, 0.47608057881749205]]",0.0,0.0,0.0,0.0,3010124.0,134948.0,82046.898
1695562102.5219936,inference,"[[0.5239194211825079, 0.47608057881749205]]",0.0,0.0,0.0,0.0,2937187.0,131774.0,81760.121
1695562103.5315065,inference,"[[0.5239194211825079, 0.47608057881749205]]",1.0,0.0,0.0,0.0,3083977.0,135802.0,85091.435
1695562104.5387259,inference,"[[0.5239194211825079, 0.47608057881749205]]",0.0,0.0,0.0,0.0,2984185.0,133056.0,83013.927
1695562105.5460892,inference,"[[0.5239194211825079, 0.47608057881749205]]",0.0,0.0,0.0,0.0,3057487.0,136413.0,85468.273
1695562106.5550613,inference,"[[0.5239194211825079, 0.47608057881749205]]",1.0,0.0,0.0,0.0,2948906.0,131775.0,82045.058
1695562107.5573437,inference,"[[0.5239194211825079, 0.47608057881749205]]",0.0,0.0,0.0,0.0,2863396.0,130554.0,81565.51
1695562108.563921,inference,"[[0.5239194211825079, 0.47608057881749205]]",1.0,0.0,0.0,0.0,3069816.0,134827.0,84906.47
1695562109.5684946,inference,"[[0.5239194211825079, 0.47608057881749205]]",0.0,0.0,0.0,0.0,2930657.0,133727.0,82498.803
1695562110.5864286,inference,"[[0.5239194211825079, 0.47608057881749205]]",0.0,0.0,0.0,0.0,2986931.0,135742.0,82704.372
1695562111.589182,inference,"[[0.5239194211825079, 0.47608057881749205]]",0.0,0.0,0.0,0.0,2954339.0,132690.0,82253.086
1695562112.6152968,inference,"[[0.5239194211825079, 0.47608057881749205]]",0.0,0.0,0.0,0.0,2980156.0,132812.0,83189.329
1695562113.602949,inference,"[[0.5239194211825079, 0.47608057881749205]]",0.0,0.0,0.0,0.0,2927666.0,132385.0,81983.197
1695562114.607417,inference,"[[0.5239194211825079, 0.47608057881749205]]",1.0,0.0,0.0,0.0,2967522.0,134948.0,82178.496
1695562115.6189034,inference,"[[0.5239194211825079, 0.47608057881749205]]",0.0,0.0,0.0,0.0,2942863.0,132934.0,81800.957
1695562116.6222537,inference,"[[0.5239194211825079, 0.47608057881749205]]",1.0,0.0,0.0,0.0,3542655.0,136169.0,82814.792
1695562117.6269517,inference,"[[0.5239194211825079, 0.47608057881749205]]",1.0,0.0,0.0,0.0,2979606.0,133300.0,81739.817
1695562118.6358922,inference,"[[0.5239194211825079, 0.47608057881749205]]",0.0,0.0,0.0,0.0,3000359.0,133422.0,83193.977
1695562119.6379318,inference,"[[0.5239194211825079, 0.47608057881749205]]",0.0,0.0,0.0,0.0,2967399.0,134094.0,81148.115
1695562120.6529706,inference,"[[0.5239194211825079, 0.47608057881749205]]",1.0,0.0,0.0,0.0,2952934.0,132202.0,82757.429
1695562121.6574948,inference,"[[0.5239194211825079, 0.47608057881749205]]",0.0,0.0,0.0,0.0,2937066.0,131409.0,82595.092
1695562122.6630263,inference,"[[0.5239194211825079, 0.47608057881749205]]",1.0,0.0,0.0,0.0,2930595.0,132018.0,81645.778
1695562123.6727238,inference,"[[0.5239194211825079, 0.47608057881749205]]",1.0,0.0,0.0,0.0,2912346.0,131775.0,82015.34
1695562124.697611,inference,"[[0.5239194211825079, 0.47608057881749205]]",0.0,0.0,0.0,0.0,2862358.0,129699.0,81431.981
1695562125.684954,inference,"[[0.5239194211825079, 0.47608057881749205]]",0.0,0.0,0.0,0.0,2881646.0,131897.0,81435.161
1695562126.692562,inference,"[[0.5239194211825079, 0.47608057881749205]]",0.0,0.0,0.0,0.0,2849785.0,129455.0,81157.97
1695562127.6976922,inference,"[[0.5239194211825079, 0.47608057881749205]]",0.0,0.0,0.0,0.0,2860527.0,129700.0,81183.725
1695562128.7040699,inference,"[[0.5239194211825079, 0.47608057881749205]]",1.0,0.0,0.0,0.0,2963616.0,134399.0,82616.665
1695562129.7117314,inference,"[[0.5239194211825079, 0.47608057881749205]]",0.0,0.0,0.0,0.0,2890435.0,129822.0,82601.863
1695562130.7172298,inference,"[[0.5239194211825079, 0.47608057881749205]]",0.0,0.0,0.0,0.0,2891533.0,130981.0,81746.446
1695562131.7475727,inference,"[[0.5239194211825079, 0.47608057881749205]]",0.0,0.0,0.0,0.0,2915276.0,131714.0,83220.008
1695562132.734107,inference,"[[0.5239194211825079, 0.47608057881749205]]",1.0,0.0,0.0,0.0,2993706.0,133911.0,83606.985
1695562133.738019,inference,"[[0.5239194211825079, 0.47608057881749205]]",1.0,0.0,0.0,0.0,2934197.0,131836.0,83446.661
1695562134.744245,inference,"[[0.5239194211825079, 0.47608057881749205]]",0.0,0.0,0.0,0.0,3048637.0,134887.0,85861.242
1695562135.7600832,inference,"[[0.5239194211825079, 0.47608057881749205]]",1.0,0.0,0.0,0.0,3067131.0,135864.0,86297.328
1695562136.7775228,inference,"[[0.5239194211825079, 0.47608057881749205]]",0.0,0.0,0.0,0.0,2924675.0,133361.0,82979.906
1695562137.8089373,inference,"[[0.5239194211825079, 0.47608057881749205]]",1.0,0.0,0.0,0.0,2910332.0,131226.0,82261.353
1695562138.833334,inference,"[[0.5239194211825079, 0.47608057881749205]]",1.0,0.0,0.0,0.0,2922844.0,131470.0,81948.104
1695562139.7778888,inference,"[[0.5239194211825079, 0.47608057881749205]]",1.0,0.0,0.0,0.0,2994866.0,134338.0,84267.336
1695562140.7982986,inference,"[[0.5239194211825079, 0.47608057881749205]]",0.0,0.0,0.0,0.0,2891533.0,132690.0,81623.545
1695562141.7959907,inference,"[[0.5239194211825079, 0.47608057881749205]]",0.0,0.0,0.0,0.0,2911370.0,129883.0,82606.72
1695562142.7986248,inference,"[[0.5239194211825079, 0.47608057881749205]]",0.0,0.0,0.0,0.0,2942680.0,133911.0,82184.533
1695562143.8184414,inference,"[[0.5239194211825079, 0.47608057881749205]]",1.0,0.0,0.0,0.0,2928032.0,132202.0,81803.985
1695562144.8118348,inference,"[[0.5239194211825079, 0.47608057881749205]]",1.0,0.0,0.0,0.0,2909600.0,130676.0,82085.948
1695562145.8156366,inference,"[[0.5239194211825079, 0.47608057881749205]]",1.0,0.0,0.0,0.0,2947014.0,133239.0,81929.106
1695562146.826283,inference,"[[0.5239194211825079, 0.47608057881749205]]",1.0,0.0,0.0,0.0,2983269.0,133118.0,84357.334
1695562147.8273678,inference,"[[0.5239194211825079, 0.47608057881749205]]",0.0,0.0,0.0,0.0,2912773.0,130432.0,81625.079
1695562148.8351028,inference,"[[0.5239194211825079, 0.47608057881749205]]",0.0,0.0,0.0,0.0,2878227.0,129700.0,81545.697
1695562149.8447814,inference,"[[0.5239194211825079, 0.47608057881749205]]",0.0,0.0,0.0,0.0,2909233.0,132201.0,81635.107
1695562150.8522143,inference,"[[0.5239194211825079, 0.47608057881749205]]",1.0,0.0,0.0,0.0,2980950.0,133483.0,83489.815
1695562151.857231,inference,"[[0.5239194211825079, 0.47608057881749205]]",1.0,0.0,0.0,0.0,2879143.0,131591.0,82087.618
1695562152.864344,inference,"[[0.5239194211825079, 0.47608057881749205]]",1.0,0.0,0.0,0.0,2894157.0,130492.0,81549.233
1695562153.8716383,inference,"[[0.5239194211825079, 0.47608057881749205]]",0.0,0.0,0.0,0.0,2892631.0,131225.0,81184.376
1695562154.8814833,inference,"[[0.5239194211825079, 0.47608057881749205]]",0.0,0.0,0.0,0.0,2855889.0,130798.0,81352.924
1695562155.907814,inference,"[[0.5239194211825079, 0.47608057881749205]]",1.0,0.0,0.0,0.0,2926201.0,133484.0,82526.907
1695562405.848187,retraining,-1,0.49339622641509434,0.0,0.0,0.0,8295685001.0,562710840.0,231747614.031
1695562457.014559,inference,"[[0.5200710436300046, 0.4799289563699954]]",1.0,0.0,0.0,0.0,3020256.0,137451.0,85912.434
1695562458.019325,inference,"[[0.5200710436300046, 0.4799289563699954]]",1.0,0.0,0.0,0.0,3194694.0,138915.0,91092.268
1695562459.0193915,inference,"[[0.5200710436300046, 0.4799289563699954]]",1.0,0.0,0.0,0.0,2993889.0,136291.0,83637.034
1695562460.018043,inference,"[[0.5200710436300046, 0.4799289563699954]]",0.0,0.0,0.0,0.0,2892449.0,133423.0,82173.558
1695562461.0281925,inference,"[[0.5200710436300046, 0.4799289563699954]]",1.0,0.0,0.0,0.0,2979729.0,135253.0,83188.716
1695562462.036241,inference,"[[0.5200710436300046, 0.4799289563699954]]",0.0,0.0,0.0,0.0,2949944.0,133788.0,83744.94
1695562463.0416067,inference,"[[0.5200710436300046, 0.4799289563699954]]",1.0,0.0,0.0,0.0,2990593.0,134033.0,85164.342
1695562464.046866,inference,"[[0.5200710436300046, 0.4799289563699954]]",1.0,0.0,0.0,0.0,2933464.0,132934.0,82994.222
1695562465.0638885,inference,"[[0.5200710436300046, 0.4799289563699954]]",0.0,0.0,0.0,0.0,2931267.0,132446.0,83149.344
1695562466.0593297,inference,"[[0.5200710436300046, 0.4799289563699954]]",0.0,0.0,0.0,0.0,2932182.0,132751.0,82883.865
1695562467.0705252,inference,"[[0.5200710436300046, 0.4799289563699954]]",0.0,0.0,0.0,0.0,2938103.0,132263.0,82833.357
1695562468.0799735,inference,"[[0.5200710436300046, 0.4799289563699954]]",0.0,0.0,0.0,0.0,2944878.0,131653.0,82801.353
1695562469.123777,inference,"[[0.5200710436300046, 0.4799289563699954]]",1.0,0.0,0.0,0.0,3010795.0,134277.0,83464.49
1695562470.127043,inference,"[[0.5200710436300046, 0.4799289563699954]]",0.0,0.0,0.0,0.0,2946403.0,132263.0,82814.151
1695562471.2304196,inference,"[[0.5200710436300046, 0.4799289563699954]]",1.0,0.0,0.0,0.0,2988396.0,135498.0,83614.224
1695562472.1175563,inference,"[[0.5200710436300046, 0.4799289563699954]]",0.0,0.0,0.0,0.0,2990043.0,133789.0,83709.444
1695562473.142457,inference,"[[0.5200710436300046, 0.4799289563699954]]",0.0,0.0,0.0,0.0,3613027.0,155090.0,99633.363
1695562474.1209319,inference,"[[0.5200710436300046, 0.4799289563699954]]",0.0,0.0,0.0,0.0,2923211.0,131957.0,83233.062
1695562475.121344,inference,"[[0.5200710436300046, 0.4799289563699954]]",1.0,0.0,0.0,0.0,2886590.0,130737.0,82374.682
1695562476.131231,inference,"[[0.5200710436300046, 0.4799289563699954]]",1.0,0.0,0.0,0.0,2959587.0,133728.0,83440.546
1695562477.138284,inference,"[[0.5200710436300046, 0.4799289563699954]]",1.0,0.0,0.0,0.0,2980766.0,133667.0,83865.573
1695562478.1419868,inference,"[[0.5200710436300046, 0.4799289563699954]]",0.0,0.0,0.0,0.0,2923455.0,132324.0,82456.44
1695562479.174923,inference,"[[0.5200710436300046, 0.4799289563699954]]",1.0,0.0,0.0,0.0,2968193.0,132690.0,83247.455
1695562480.1639714,inference,"[[0.5200710436300046, 0.4799289563699954]]",0.0,0.0,0.0,0.0,2946709.0,132629.0,82402.682
1695562481.169046,inference,"[[0.5200710436300046, 0.4799289563699954]]",1.0,0.0,0.0,0.0,2999321.0,135071.0,84169.198
1695562482.1698263,inference,"[[0.5200710436300046, 0.4799289563699954]]",0.0,0.0,0.0,0.0,2933403.0,132568.0,82681.445
1695562483.17657,inference,"[[0.5200710436300046, 0.4799289563699954]]",1.0,0.0,0.0,0.0,2938652.0,133240.0,83617.446
1695562484.1884973,inference,"[[0.5200710436300046, 0.4799289563699954]]",1.0,0.0,0.0,0.0,2969109.0,133484.0,83103.498
1695562485.194029,inference,"[[0.5200710436300046, 0.4799289563699954]]",0.0,0.0,0.0,0.0,2943657.0,132202.0,82875.051
1695562486.205089,inference,"[[0.5200710436300046, 0.4799289563699954]]",0.0,0.0,0.0,0.0,2988029.0,134338.0,83590.326
1695562487.2092845,inference,"[[0.5200710436300046, 0.4799289563699954]]",1.0,0.0,0.0,0.0,3002739.0,136108.0,84808.721
1695562488.212196,inference,"[[0.5200710436300046, 0.4799289563699954]]",0.0,0.0,0.0,0.0,2900139.0,130920.0,82334.99
1695562489.2178006,inference,"[[0.5200710436300046, 0.4799289563699954]]",1.0,0.0,0.0,0.0,2943535.0,134094.0,83730.519
1695562490.2252238,inference,"[[0.5200710436300046, 0.4799289563699954]]",0.0,0.0,0.0,0.0,2960320.0,134460.0,83430.834
1695562491.232185,inference,"[[0.5200710436300046, 0.4799289563699954]]",1.0,0.0,0.0,0.0,2969780.0,132873.0,83870.738
1695562492.2357244,inference,"[[0.5200710436300046, 0.4799289563699954]]",1.0,0.0,0.0,0.0,2920342.0,131043.0,82488.177
1695562493.2722704,inference,"[[0.5200710436300046, 0.4799289563699954]]",1.0,0.0,0.0,0.0,3083183.0,136352.0,86579.111
1695562494.2595239,inference,"[[0.5200710436300046, 0.4799289563699954]]",1.0,0.0,0.0,0.0,2982292.0,133605.0,83851.049
1695562495.2595284,inference,"[[0.5200710436300046, 0.4799289563699954]]",0.0,0.0,0.0,0.0,2939629.0,133057.0,84187.507
1695562496.26365,inference,"[[0.5200710436300046, 0.4799289563699954]]",1.0,0.0,0.0,0.0,2909234.0,130981.0,82353.629
1695562497.269635,inference,"[[0.5200710436300046, 0.4799289563699954]]",1.0,0.0,0.0,0.0,2930595.0,131897.0,82821.379
1695562498.2796054,inference,"[[0.5200710436300046, 0.4799289563699954]]",0.0,0.0,0.0,0.0,2963494.0,132629.0,82680.636
1695562499.2868814,inference,"[[0.5200710436300046, 0.4799289563699954]]",1.0,0.0,0.0,0.0,2919609.0,132751.0,82854.68
1695562500.294951,inference,"[[0.5200710436300046, 0.4799289563699954]]",0.0,0.0,0.0,0.0,2919915.0,131225.0,82467.615
1695562501.3131406,inference,"[[0.5200710436300046, 0.4799289563699954]]",0.0,0.0,0.0,0.0,2957634.0,134277.0,83736.372
1695562502.307411,inference,"[[0.5200710436300046, 0.4799289563699954]]",1.0,0.0,0.0,0.0,2956902.0,132873.0,82562.564
1695562503.3437169,inference,"[[0.5200710436300046, 0.4799289563699954]]",0.0,0.0,0.0,0.0,3009208.0,134826.0,85180.795
1695562504.337281,inference,"[[0.5200710436300046, 0.4799289563699954]]",1.0,0.0,0.0,0.0,2920464.0,132507.0,82812.176
1695562505.3355155,inference,"[[0.5200710436300046, 0.4799289563699954]]",1.0,0.0,0.0,0.0,3039482.0,134765.0,85805.814
1695562506.3588955,inference,"[[0.5200710436300046, 0.4799289563699954]]",1.0,0.0,0.0,0.0,2971306.0,134399.0,83968.128
1695562507.3453565,inference,"[[0.5200710436300046, 0.4799289563699954]]",1.0,0.0,0.0,0.0,2961723.0,132507.0,82411.904
1695562508.3511982,inference,"[[0.5200710436300046, 0.4799289563699954]]",0.0,0.0,0.0,0.0,2945489.0,133239.0,83124.336
1695562509.3582838,inference,"[[0.5200710436300046, 0.4799289563699954]]",1.0,0.0,0.0,0.0,2973381.0,133544.0,82692.092
1695562510.3636565,inference,"[[0.5200710436300046, 0.4799289563699954]]",1.0,0.0,0.0,0.0,2973931.0,133240.0,83429.223
1695562511.370511,inference,"[[0.5200710436300046, 0.4799289563699954]]",1.0,0.0,0.0,0.0,2912773.0,130554.0,82066.21
1695562512.377624,inference,"[[0.5200710436300046, 0.4799289563699954]]",0.0,0.0,0.0,0.0,2939690.0,133118.0,82931.009
1695562513.3847775,inference,"[[0.5200710436300046, 0.4799289563699954]]",1.0,0.0,0.0,0.0,2987541.0,134033.0,83192.967
1695562514.3906488,inference,"[[0.5200710436300046, 0.4799289563699954]]",1.0,0.0,0.0,0.0,2946525.0,131226.0,82787.588
1695562515.3972776,inference,"[[0.5200710436300046, 0.4799289563699954]]",0.0,0.0,0.0,0.0,2983818.0,134338.0,84190.57
1695562516.4040325,inference,"[[0.5200710436300046, 0.4799289563699954]]",1.0,0.0,0.0,0.0,2947930.0,132080.0,82777.012
1695562773.8027737,retraining,-1,0.5018656716417911,0.0,0.0,0.0,8514233880.0,580837990.0,238794418.783
1695562817.498937,inference,"[[0.5197007773952755, 0.48029922260472446]]",1.0,0.0,0.0,0.0,3064994.0,139282.0,86926.287
1695562818.5115786,inference,"[[0.5197007773952755, 0.48029922260472446]]",1.0,0.0,0.0,0.0,3299185.0,142150.0,92762.365
1695562819.5067277,inference,"[[0.5197007773952755, 0.48029922260472446]]",1.0,0.0,0.0,0.0,3037407.0,136047.0,85483.483
1695562820.54251,inference,"[[0.5197007773952755, 0.48029922260472446]]",1.0,0.0,0.0,0.0,3076897.0,138489.0,86494.937
1695562821.5219274,inference,"[[0.5197007773952755, 0.48029922260472446]]",0.0,0.0,0.0,0.0,2997124.0,136291.0,84139.654
1695562822.5290904,inference,"[[0.5197007773952755, 0.48029922260472446]]",1.0,0.0,0.0,0.0,2984246.0,134704.0,83899.817
1695562823.5346787,inference,"[[0.5197007773952755, 0.48029922260472446]]",0.0,0.0,0.0,0.0,3025627.0,135375.0,86105.444
1695562824.541478,inference,"[[0.5197007773952755, 0.48029922260472446]]",0.0,0.0,0.0,0.0,3025199.0,135803.0,84557.995
1695562825.5492358,inference,"[[0.5197007773952755, 0.48029922260472446]]",1.0,0.0,0.0,0.0,3055778.0,139038.0,84532.103
1695562826.5592778,inference,"[[0.5197007773952755, 0.48029922260472446]]",0.0,0.0,0.0,0.0,3050591.0,135620.0,86740.668
1695562827.5601943,inference,"[[0.5197007773952755, 0.48029922260472446]]",0.0,0.0,0.0,0.0,2976555.0,134277.0,83399.955
1695562828.5784307,inference,"[[0.5197007773952755, 0.48029922260472446]]",0.0,0.0,0.0,0.0,3930166.0,165405.0,89491.315
1695562829.5982258,inference,"[[0.5197007773952755, 0.48029922260472446]]",1.0,0.0,0.0,0.0,2926628.0,132568.0,83357.944
1695562830.582158,inference,"[[0.5197007773952755, 0.48029922260472446]]",1.0,0.0,0.0,0.0,3049980.0,137573.0,85037.366
1695562831.5931628,inference,"[[0.5197007773952755, 0.48029922260472446]]",0.0,0.0,0.0,0.0,2965386.0,134582.0,83860.442
1695562832.6014154,inference,"[[0.5197007773952755, 0.48029922260472446]]",0.0,0.0,0.0,0.0,3780813.0,139221.0,85434.302
1695562833.6047719,inference,"[[0.5197007773952755, 0.48029922260472446]]",1.0,0.0,0.0,0.0,2981865.0,133483.0,83602.065
1695562834.60989,inference,"[[0.5197007773952755, 0.48029922260472446]]",1.0,0.0,0.0,0.0,2953423.0,133849.0,83610.321
1695562835.6194348,inference,"[[0.5197007773952755, 0.48029922260472446]]",1.0,0.0,0.0,0.0,3004814.0,136047.0,85019.338
1695562836.6251073,inference,"[[0.5197007773952755, 0.48029922260472446]]",1.0,0.0,0.0,0.0,2944024.0,132630.0,83836.827
1695562837.6348152,inference,"[[0.5197007773952755, 0.48029922260472446]]",1.0,0.0,0.0,0.0,2971428.0,133972.0,84257.491
1695562838.6370857,inference,"[[0.5197007773952755, 0.48029922260472446]]",1.0,0.0,0.0,0.0,3003410.0,135559.0,84231.58
1695562839.65285,inference,"[[0.5197007773952755, 0.48029922260472446]]",0.0,0.0,0.0,0.0,2940056.0,132629.0,82659.64
1695562840.6547444,inference,"[[0.5197007773952755, 0.48029922260472446]]",0.0,0.0,0.0,0.0,3054923.0,138184.0,87848.238
1695562841.6792214,inference,"[[0.5197007773952755, 0.48029922260472446]]",0.0,0.0,0.0,0.0,2962456.0,134460.0,84612.352
1695562842.664465,inference,"[[0.5197007773952755, 0.48029922260472446]]",0.0,0.0,0.0,0.0,2967522.0,134216.0,83400.186
1695562843.6711473,inference,"[[0.5197007773952755, 0.48029922260472446]]",1.0,0.0,0.0,0.0,2999199.0,136047.0,84249.76
1695562844.6786957,inference,"[[0.5197007773952755, 0.48029922260472446]]",1.0,0.0,0.0,0.0,3010490.0,135803.0,84394.057
1695562845.6867392,inference,"[[0.5197007773952755, 0.48029922260472446]]",1.0,0.0,0.0,0.0,3082329.0,135131.0,86112.165
1695562846.6990576,inference,"[[0.5197007773952755, 0.48029922260472446]]",1.0,0.0,0.0,0.0,2965385.0,133667.0,84176.433
1695562847.705368,inference,"[[0.5197007773952755, 0.48029922260472446]]",1.0,0.0,0.0,0.0,2989922.0,134643.0,83957.716
1695562848.705921,inference,"[[0.5197007773952755, 0.48029922260472446]]",1.0,0.0,0.0,0.0,3053887.0,139648.0,86227.323
1695562849.7150376,inference,"[[0.5197007773952755, 0.48029922260472446]]",1.0,0.0,0.0,0.0,3071830.0,136230.0,86502.371
1695562850.7445936,inference,"[[0.5197007773952755, 0.48029922260472446]]",1.0,0.0,0.0,0.0,3006401.0,136230.0,85576.821
1695562851.7609682,inference,"[[0.5197007773952755, 0.48029922260472446]]",0.0,0.0,0.0,0.0,3000115.0,135803.0,85081.071
1695562852.7741582,inference,"[[0.5197007773952755, 0.48029922260472446]]",1.0,0.0,0.0,0.0,2998405.0,136108.0,83974.852
1695562853.7602997,inference,"[[0.5197007773952755, 0.48029922260472446]]",0.0,0.0,0.0,0.0,3196831.0,139221.0,91411.113
1695562854.7528374,inference,"[[0.5197007773952755, 0.48029922260472446]]",1.0,0.0,0.0,0.0,3031182.0,137146.0,84286.111
1695562855.763478,inference,"[[0.5197007773952755, 0.48029922260472446]]",1.0,0.0,0.0,0.0,3049187.0,135986.0,86145.27
1695562856.7637296,inference,"[[0.5197007773952755, 0.48029922260472446]]",0.0,0.0,0.0,0.0,2943779.0,134888.0,83730.283
1695562857.768812,inference,"[[0.5197007773952755, 0.48029922260472446]]",1.0,0.0,0.0,0.0,3054618.0,137695.0,85286.229
1695562858.7764003,inference,"[[0.5197007773952755, 0.48029922260472446]]",0.0,0.0,0.0,0.0,2963249.0,134094.0,84471.547
1695562859.8329198,inference,"[[0.5197007773952755, 0.48029922260472446]]",0.0,0.0,0.0,0.0,3058220.0,137939.0,86587.613
1695562860.7978692,inference,"[[0.5197007773952755, 0.48029922260472446]]",0.0,0.0,0.0,0.0,2978508.0,134399.0,83549.035
1695562861.8022363,inference,"[[0.5197007773952755, 0.48029922260472446]]",1.0,0.0,0.0,0.0,3073723.0,136901.0,86754.166
1695562862.8245132,inference,"[[0.5197007773952755, 0.48029922260472446]]",1.0,0.0,0.0,0.0,3141410.0,140075.0,85106.189
1695562863.8200555,inference,"[[0.5197007773952755, 0.48029922260472446]]",0.0,0.0,0.0,0.0,3041680.0,135437.0,85674.081
1695562864.8149202,inference,"[[0.5197007773952755, 0.48029922260472446]]",0.0,0.0,0.0,0.0,3057610.0,137207.0,85355.637
1695562865.8248491,inference,"[[0.5197007773952755, 0.48029922260472446]]",1.0,0.0,0.0,0.0,2992973.0,136108.0,83414.262
1695562866.831238,inference,"[[0.5197007773952755, 0.48029922260472446]]",1.0,0.0,0.0,0.0,3009819.0,134826.0,84984.792
1695562867.8389864,inference,"[[0.5197007773952755, 0.48029922260472446]]",0.0,0.0,0.0,0.0,2980217.0,136596.0,83942.789
1695562868.8474917,inference,"[[0.5197007773952755, 0.48029922260472446]]",1.0,0.0,0.0,0.0,3036430.0,136840.0,84524.295
1695562869.8534958,inference,"[[0.5197007773952755, 0.48029922260472446]]",0.0,0.0,0.0,0.0,3038322.0,136413.0,85283.885
1695562870.8579898,inference,"[[0.5197007773952755, 0.48029922260472446]]",0.0,0.0,0.0,0.0,2939507.0,134765.0,83339.879
1695562871.9144094,inference,"[[0.5197007773952755, 0.48029922260472446]]",1.0,0.0,0.0,0.0,3021721.0,136352.0,84545.635
1695562872.9100344,inference,"[[0.5197007773952755, 0.48029922260472446]]",0.0,0.0,0.0,0.0,3021171.0,136109.0,85523.451
1695562873.887208,inference,"[[0.5197007773952755, 0.48029922260472446]]",1.0,0.0,0.0,0.0,3086540.0,138488.0,86102.421
1695562874.8903286,inference,"[[0.5197007773952755, 0.48029922260472446]]",1.0,0.0,0.0,0.0,2982476.0,135315.0,83370.657
1695562875.892621,inference,"[[0.5197007773952755, 0.48029922260472446]]",1.0,0.0,0.0,0.0,3013664.0,136352.0,84386.07
1695562876.902497,inference,"[[0.5197007773952755, 0.48029922260472446]]",1.0,0.0,0.0,0.0,3040946.0,137329.0,84412.688
1695563142.5509076,retraining,-1,0.503690036900369,0.0,0.0,0.0,8784228428.0,600655567.0,246623701.374
1695563178.028033,inference,"[[0.5202060486455641, 0.479793951354436]]",0.0,0.0,0.0,0.0,3107109.0,140319.0,86530.431
1695563179.0439336,inference,"[[0.5202060486455641, 0.479793951354436]]",0.0,0.0,0.0,0.0,3429374.0,149902.0,95871.994
1695563180.0332181,inference,"[[0.5202060486455641, 0.479793951354436]]",0.0,0.0,0.0,0.0,3129631.0,140014.0,87774.092
1695563181.0395434,inference,"[[0.5202060486455641, 0.479793951354436]]",1.0,0.0,0.0,0.0,3171989.0,141662.0,87341.084
1695563182.0491729,inference,"[[0.5202060486455641, 0.479793951354436]]",1.0,0.0,0.0,0.0,3174064.0,141174.0,88951.39
1695563183.06257,inference,"[[0.5202060486455641, 0.479793951354436]]",0.0,0.0,0.0,0.0,3071709.0,140442.0,86318.835
1695563184.0979085,inference,"[[0.5202060486455641, 0.479793951354436]]",0.0,0.0,0.0,0.0,3084831.0,139831.0,86678.982
1695563185.1206155,inference,"[[0.5202060486455641, 0.479793951354436]]",1.0,0.0,0.0,0.0,3102165.0,138733.0,87166.001
1695563186.0678754,inference,"[[0.5202060486455641, 0.479793951354436]]",0.0,0.0,0.0,0.0,3083244.0,139404.0,85469.032
1695563187.077954,inference,"[[0.5202060486455641, 0.479793951354436]]",0.0,0.0,0.0,0.0,3130546.0,141296.0,87968.329
1695563188.0873315,inference,"[[0.5202060486455641, 0.479793951354436]]",1.0,0.0,0.0,0.0,3202629.0,142760.0,89711.716
1695563189.0884035,inference,"[[0.5202060486455641, 0.479793951354436]]",1.0,0.0,0.0,0.0,3112846.0,141052.0,87967.335
1695563190.1012232,inference,"[[0.5202060486455641, 0.479793951354436]]",1.0,0.0,0.0,0.0,3139823.0,142394.0,89376.74
1695563191.104935,inference,"[[0.5202060486455641, 0.479793951354436]]",0.0,0.0,0.0,0.0,3059684.0,139649.0,86516.498
1695563192.1127894,inference,"[[0.5202060486455641, 0.479793951354436]]",0.0,0.0,0.0,0.0,3050346.0,137389.0,84912.685
1695563193.1165016,inference,"[[0.5202060486455641, 0.479793951354436]]",1.0,0.0,0.0,0.0,3026482.0,137389.0,84950.502
1695563194.1288755,inference,"[[0.5202060486455641, 0.479793951354436]]",0.0,0.0,0.0,0.0,3114860.0,138183.0,88320.942
1695563195.1352434,inference,"[[0.5202060486455641, 0.479793951354436]]",0.0,0.0,0.0,0.0,3027824.0,137207.0,85581.73
1695563196.1375058,inference,"[[0.5202060486455641, 0.479793951354436]]",1.0,0.0,0.0,0.0,3271171.0,141662.0,85408.222
1695563197.1509876,inference,"[[0.5202060486455641, 0.479793951354436]]",1.0,0.0,0.0,0.0,3071037.0,138549.0,86145.634
1695563198.1505764,inference,"[[0.5202060486455641, 0.479793951354436]]",1.0,0.0,0.0,0.0,3059685.0,138000.0,85552.657
1695563199.1580777,inference,"[[0.5202060486455641, 0.479793951354436]]",0.0,0.0,0.0,0.0,3005669.0,134155.0,84751.186
1695563200.188509,inference,"[[0.5202060486455641, 0.479793951354436]]",1.0,0.0,0.0,0.0,3075493.0,138061.0,87250.255
1695563201.170053,inference,"[[0.5202060486455641, 0.479793951354436]]",0.0,0.0,0.0,0.0,3072258.0,139770.0,86235.134
1695563202.181446,inference,"[[0.5202060486455641, 0.479793951354436]]",1.0,0.0,0.0,0.0,3173393.0,140625.0,89428.285
1695563203.1855445,inference,"[[0.5202060486455641, 0.479793951354436]]",0.0,0.0,0.0,0.0,3011345.0,136841.0,85555.065
1695563204.2025175,inference,"[[0.5202060486455641, 0.479793951354436]]",1.0,0.0,0.0,0.0,3067924.0,139404.0,86229.945
1695563205.200599,inference,"[[0.5202060486455641, 0.479793951354436]]",0.0,0.0,0.0,0.0,3024406.0,136657.0,85180.934
1695563206.2302186,inference,"[[0.5202060486455641, 0.479793951354436]]",1.0,0.0,0.0,0.0,3186393.0,143432.0,87631.614
1695563207.2250714,inference,"[[0.5202060486455641, 0.479793951354436]]",1.0,0.0,0.0,0.0,3158379.0,141357.0,88138.283
1695563208.2245283,inference,"[[0.5202060486455641, 0.479793951354436]]",0.0,0.0,0.0,0.0,3066642.0,139526.0,85882.058
1695563209.2262766,inference,"[[0.5202060486455641, 0.479793951354436]]",1.0,0.0,0.0,0.0,3027397.0,137939.0,85987.177
1695563210.2346227,inference,"[[0.5202060486455641, 0.479793951354436]]",1.0,0.0,0.0,0.0,3145317.0,141235.0,87540.781
1695563211.2440057,inference,"[[0.5202060486455641, 0.479793951354436]]",1.0,0.0,0.0,0.0,3083122.0,138244.0,87492.269
1695563212.2475104,inference,"[[0.5202060486455641, 0.479793951354436]]",0.0,0.0,0.0,0.0,3013603.0,137267.0,84841.759
1695563213.2535622,inference,"[[0.5202060486455641, 0.479793951354436]]",0.0,0.0,0.0,0.0,3080802.0,139099.0,86398.236
1695563214.2838445,inference,"[[0.5202060486455641, 0.479793951354436]]",0.0,0.0,0.0,0.0,3090934.0,139587.0,86757.034
1695563215.3068337,inference,"[[0.5202060486455641, 0.479793951354436]]",0.0,0.0,0.0,0.0,3005180.0,137024.0,85222.416
1695563216.2740417,inference,"[[0.5202060486455641, 0.479793951354436]]",1.0,0.0,0.0,0.0,3074943.0,139038.0,85683.899
1695563217.295966,inference,"[[0.5202060486455641, 0.479793951354436]]",0.0,0.0,0.0,0.0,3093010.0,139160.0,87233.735
1695563218.2889109,inference,"[[0.5202060486455641, 0.479793951354436]]",0.0,0.0,0.0,0.0,3041618.0,138000.0,85887.217
1695563219.3001165,inference,"[[0.5202060486455641, 0.479793951354436]]",0.0,0.0,0.0,0.0,3119926.0,139648.0,87569.183
1695563220.3148105,inference,"[[0.5202060486455641, 0.479793951354436]]",1.0,0.0,0.0,0.0,3115043.0,139526.0,87079.78
1695563221.325505,inference,"[[0.5202060486455641, 0.479793951354436]]",1.0,0.0,0.0,0.0,3045402.0,137756.0,86600.495
1695563222.311288,inference,"[[0.5202060486455641, 0.479793951354436]]",1.0,0.0,0.0,0.0,3056023.0,137024.0,86321.304
1695563223.4208825,inference,"[[0.5202060486455641, 0.479793951354436]]",0.0,0.0,0.0,0.0,2987297.0,137634.0,84865.84
1695563224.3309844,inference,"[[0.5202060486455641, 0.479793951354436]]",1.0,0.0,0.0,0.0,3068352.0,138366.0,85937.767
1695563225.3336182,inference,"[[0.5202060486455641, 0.479793951354436]]",1.0,0.0,0.0,0.0,3075005.0,139099.0,86046.513
1695563226.3528147,inference,"[[0.5202060486455641, 0.479793951354436]]",1.0,0.0,0.0,0.0,3145194.0,140259.0,88145.104
1695563227.3635788,inference,"[[0.5202060486455641, 0.479793951354436]]",1.0,0.0,0.0,0.0,3056389.0,137512.0,85989.077
1695563228.392956,inference,"[[0.5202060486455641, 0.479793951354436]]",1.0,0.0,0.0,0.0,3054497.0,138672.0,86019.578
1695563229.366061,inference,"[[0.5202060486455641, 0.479793951354436]]",1.0,0.0,0.0,0.0,3106376.0,140197.0,86620.37
1695563230.3677998,inference,"[[0.5202060486455641, 0.479793951354436]]",0.0,0.0,0.0,0.0,3072807.0,139160.0,86423.728
1695563231.3785758,inference,"[[0.5202060486455641, 0.479793951354436]]",1.0,0.0,0.0,0.0,3112418.0,140014.0,86730.985
1695563232.3787374,inference,"[[0.5202060486455641, 0.479793951354436]]",1.0,0.0,0.0,0.0,3043937.0,137085.0,85783.168
1695563233.3944352,inference,"[[0.5202060486455641, 0.479793951354436]]",1.0,0.0,0.0,0.0,3122795.0,139526.0,88212.853
1695563234.3955588,inference,"[[0.5202060486455641, 0.479793951354436]]",0.0,0.0,0.0,0.0,3018608.0,137451.0,85829.109
1695563235.4048963,inference,"[[0.5202060486455641, 0.479793951354436]]",1.0,0.0,0.0,0.0,3077690.0,140197.0,86295.256
1695563236.409678,inference,"[[0.5202060486455641, 0.479793951354436]]",0.0,0.0,0.0,0.0,3053703.0,137145.0,86231.995
1695563237.4162905,inference,"[[0.5202060486455641, 0.479793951354436]]",0.0,0.0,0.0,0.0,3133415.0,143860.0,86700.568
1695563513.2613301,retraining,-1,0.5063868613138686,0.0036832412523020255,1.0,0.0018450184501845018,9134111077.0,622535516.0,256406390.514
1695563538.561664,inference,"[[0.5202104692712289, 0.47978953072877095]]",0.0,0.0,0.0,0.0,3112846.0,141845.0,88262.394
1695563539.5601182,inference,"[[0.5202104692712289, 0.47978953072877095]]",1.0,0.0,0.0,0.0,3416068.0,148071.0,96304.12
1695563540.5518553,inference,"[[0.5202104692712289, 0.47978953072877095]]",1.0,0.0,0.0,0.0,3170647.0,143738.0,89208.087
1695563541.5559063,inference,"[[0.5202104692712289, 0.47978953072877095]]",0.0,0.0,0.0,0.0,3209038.0,145141.0,90020.207
1695563542.5609047,inference,"[[0.5202104692712289, 0.47978953072877095]]",1.0,0.0,0.0,0.0,3219413.0,144653.0,90344.227
1695563543.5631247,inference,"[[0.5202104692712289, 0.47978953072877095]]",1.0,0.0,0.0,0.0,3136589.0,141784.0,87352.219
1695563544.5760581,inference,"[[0.5202104692712289, 0.47978953072877095]]",1.0,0.0,0.0,0.0,3145866.0,139770.0,88170.098
1695563545.6021485,inference,"[[0.5202104692712289, 0.47978953072877095]]",0.0,0.0,0.0,0.0,3076042.0,141174.0,87173.149
1695563546.6088574,inference,"[[0.5202104692712289, 0.47978953072877095]]",1.0,0.0,0.0,0.0,3136711.0,140807.0,88262.781
1695563547.5935054,inference,"[[0.5202104692712289, 0.47978953072877095]]",0.0,0.0,0.0,0.0,3157036.0,140319.0,89057.066
1695563548.603049,inference,"[[0.5202104692712289, 0.47978953072877095]]",1.0,0.0,0.0,0.0,3613211.0,153686.0,93306.479
1695563549.6067898,inference,"[[0.5202104692712289, 0.47978953072877095]]",0.0,0.0,0.0,0.0,3127251.0,140015.0,88780.498
1695563550.6193955,inference,"[[0.5202104692712289, 0.47978953072877095]]",1.0,0.0,0.0,0.0,3293266.0,147034.0,89036.271
1695563551.6214733,inference,"[[0.5202104692712289, 0.47978953072877095]]",0.0,0.0,0.0,0.0,3129203.0,142700.0,87331.253
1695563552.6244059,inference,"[[0.5202104692712289, 0.47978953072877095]]",0.0,0.0,0.0,0.0,3079399.0,138427.0,86994.911
1695563553.660437,inference,"[[0.5202104692712289, 0.47978953072877095]]",0.0,0.0,0.0,0.0,3204704.0,146972.0,91255.211
1695563554.6921039,inference,"[[0.5202104692712289, 0.47978953072877095]]",0.0,0.0,0.0,0.0,3101005.0,140319.0,86934.227
1695563555.6668088,inference,"[[0.5202104692712289, 0.47978953072877095]]",0.0,0.0,0.0,0.0,3233146.0,143616.0,90741.862
1695563556.6623785,inference,"[[0.5202104692712289, 0.47978953072877095]]",1.0,0.0,0.0,0.0,3255119.0,144836.0,90168.135
1695563557.6612794,inference,"[[0.5202104692712289, 0.47978953072877095]]",0.0,0.0,0.0,0.0,3131767.0,141174.0,87638.222
1695563558.6651382,inference,"[[0.5202104692712289, 0.47978953072877095]]",1.0,0.0,0.0,0.0,3134391.0,142334.0,87460.656
1695563559.6714072,inference,"[[0.5202104692712289, 0.47978953072877095]]",0.0,0.0,0.0,0.0,3128532.0,140441.0,87660.052
1695563560.6978817,inference,"[[0.5202104692712289, 0.47978953072877095]]",1.0,0.0,0.0,0.0,3119865.0,142699.0,87324.071
1695563561.6847396,inference,"[[0.5202104692712289, 0.47978953072877095]]",0.0,0.0,0.0,0.0,3050224.0,140075.0,85947.004
1695563562.696237,inference,"[[0.5202104692712289, 0.47978953072877095]]",0.0,0.0,0.0,0.0,3058403.0,140076.0,86849.121
1695563563.7027576,inference,"[[0.5202104692712289, 0.47978953072877095]]",0.0,0.0,0.0,0.0,3078971.0,141845.0,87095.036
1695563564.7044659,inference,"[[0.5202104692712289, 0.47978953072877095]]",1.0,0.0,0.0,0.0,3118949.0,141357.0,87785.54
1695563565.7136266,inference,"[[0.5202104692712289, 0.47978953072877095]]",1.0,0.0,0.0,0.0,3108269.0,141846.0,87859.548
1695563566.719628,inference,"[[0.5202104692712289, 0.47978953072877095]]",1.0,0.0,0.0,0.0,3080985.0,139648.0,87019.472
1695563567.7250402,inference,"[[0.5202104692712289, 0.47978953072877095]]",1.0,0.0,0.0,0.0,3120903.0,141540.0,87099.636
1695563568.7314234,inference,"[[0.5202104692712289, 0.47978953072877095]]",0.0,0.0,0.0,0.0,3081413.0,138916.0,86810.544
1695563569.7405286,inference,"[[0.5202104692712289, 0.47978953072877095]]",0.0,0.0,0.0,0.0,3158622.0,142822.0,88587.113
1695563570.7500143,inference,"[[0.5202104692712289, 0.47978953072877095]]",0.0,0.0,0.0,0.0,3106254.0,141052.0,87392.984
1695563571.7527375,inference,"[[0.5202104692712289, 0.47978953072877095]]",1.0,0.0,0.0,0.0,3101372.0,139832.0,87026.227
1695563572.7667255,inference,"[[0.5202104692712289, 0.47978953072877095]]",1.0,0.0,0.0,0.0,3107170.0,141113.0,87917.89
1695563573.7780576,inference,"[[0.5202104692712289, 0.47978953072877095]]",1.0,0.0,0.0,0.0,3117240.0,144226.0,87620.0
1695563574.7879703,inference,"[[0.5202104692712289, 0.47978953072877095]]",1.0,0.0,0.0,0.0,3079093.0,139771.0,87097.443
1695563575.7852898,inference,"[[0.5202104692712289, 0.47978953072877095]]",0.0,0.0,0.0,0.0,3042534.0,139404.0,86910.09
1695563576.8111873,inference,"[[0.5202104692712289, 0.47978953072877095]]",0.0,0.0,0.0,0.0,3129753.0,144348.0,88141.202
1695563577.806825,inference,"[[0.5202104692712289, 0.47978953072877095]]",1.0,0.0,0.0,0.0,3084892.0,139587.0,87692.022
1695563578.8034377,inference,"[[0.5202104692712289, 0.47978953072877095]]",1.0,0.0,0.0,0.0,3099784.0,139649.0,87037.341
1695563579.816556,inference,"[[0.5202104692712289, 0.47978953072877095]]",0.0,0.0,0.0,0.0,3225700.0,144470.0,90804.262
1695563580.824911,inference,"[[0.5202104692712289, 0.47978953072877095]]",0.0,0.0,0.0,0.0,3109734.0,140502.0,88123.433
1695563581.8191404,inference,"[[0.5202104692712289, 0.47978953072877095]]",1.0,0.0,0.0,0.0,3200859.0,143982.0,89107.843
1695563582.8305454,inference,"[[0.5202104692712289, 0.47978953072877095]]",0.0,0.0,0.0,0.0,3122124.0,141784.0,87840.424
1695563583.8387256,inference,"[[0.5202104692712289, 0.47978953072877095]]",0.0,0.0,0.0,0.0,3133231.0,141419.0,89311.743
1695563584.842093,inference,"[[0.5202104692712289, 0.47978953072877095]]",1.0,0.0,0.0,0.0,3141593.0,140441.0,89452.362
1695563585.8471913,inference,"[[0.5202104692712289, 0.47978953072877095]]",1.0,0.0,0.0,0.0,3174247.0,145325.0,88635.552
1695563586.855345,inference,"[[0.5202104692712289, 0.47978953072877095]]",1.0,0.0,0.0,0.0,3158622.0,144286.0,88394.77
1695563587.8628058,inference,"[[0.5202104692712289, 0.47978953072877095]]",1.0,0.0,0.0,0.0,3157829.0,141968.0,88758.877
1695563588.871549,inference,"[[0.5202104692712289, 0.47978953072877095]]",0.0,0.0,0.0,0.0,3107719.0,142273.0,87548.702
1695563589.8732805,inference,"[[0.5202104692712289, 0.47978953072877095]]",0.0,0.0,0.0,0.0,3066521.0,139404.0,86595.597
1695563590.8855712,inference,"[[0.5202104692712289, 0.47978953072877095]]",1.0,0.0,0.0,0.0,3073661.0,141601.0,87305.65
1695563591.886487,inference,"[[0.5202104692712289, 0.47978953072877095]]",0.0,0.0,0.0,0.0,3058830.0,140991.0,86749.86
1695563592.8927786,inference,"[[0.5202104692712289, 0.47978953072877095]]",1.0,0.0,0.0,0.0,3089897.0,140625.0,87523.935
1695563593.9233477,inference,"[[0.5202104692712289, 0.47978953072877095]]",0.0,0.0,0.0,0.0,3082755.0,139282.0,87434.045
1695563594.909497,inference,"[[0.5202104692712289, 0.47978953072877095]]",0.0,0.0,0.0,0.0,3139091.0,142639.0,87106.052
1695563595.9134398,inference,"[[0.5202104692712289, 0.47978953072877095]]",0.0,0.0,0.0,0.0,3082755.0,139160.0,88562.149
1695563596.926212,inference,"[[0.5202104692712289, 0.47978953072877095]]",1.0,0.0,0.0,0.0,3134392.0,140320.0,87908.451
1695563597.9281747,inference,"[[0.5202104692712289, 0.47978953072877095]]",0.0,0.0,0.0,0.0,3077567.0,139587.0,87256.836
1695563881.4022727,retraining,-1,0.5225631768953068,0.0,0.0,0.0,9393622559.0,641789373.0,263635875.358
1695563899.0810192,inference,"[[0.5155750388234103, 0.4844249611765898]]",0.0,0.0,0.0,0.0,3138969.0,143188.0,89400.334
1695563900.0994167,inference,"[[0.5155750388234103, 0.4844249611765898]]",0.0,0.0,0.0,0.0,3716543.0,157470.0,98487.918
1695563901.0642664,inference,"[[0.5155750388234103, 0.4844249611765898]]",1.0,0.0,0.0,0.0,3564627.0,157287.0,92957.966
1695563902.0863612,inference,"[[0.5155750388234103, 0.4844249611765898]]",1.0,0.0,0.0,0.0,3139152.0,143615.0,88895.776
1695563903.0792272,inference,"[[0.5155750388234103, 0.4844249611765898]]",1.0,0.0,0.0,0.0,3124504.0,141724.0,88353.965
1695563904.0898144,inference,"[[0.5155750388234103, 0.4844249611765898]]",1.0,0.0,0.0,0.0,3260367.0,145813.0,91073.787
1695563905.0861895,inference,"[[0.5155750388234103, 0.4844249611765898]]",1.0,0.0,0.0,0.0,3141288.0,142761.0,88583.186
1695563906.0937192,inference,"[[0.5155750388234103, 0.4844249611765898]]",0.0,0.0,0.0,0.0,3140922.0,142761.0,88561.392
1695563907.099193,inference,"[[0.5155750388234103, 0.4844249611765898]]",0.0,0.0,0.0,0.0,3127068.0,141235.0,88262.584
1695563908.1067393,inference,"[[0.5155750388234103, 0.4844249611765898]]",1.0,0.0,0.0,0.0,3158379.0,142700.0,88424.418
1695563909.1101887,inference,"[[0.5155750388234103, 0.4844249611765898]]",1.0,0.0,0.0,0.0,3138175.0,141296.0,87872.247
1695563910.1192696,inference,"[[0.5155750388234103, 0.4844249611765898]]",1.0,0.0,0.0,0.0,3166618.0,142883.0,89070.327
1695563911.1516376,inference,"[[0.5155750388234103, 0.4844249611765898]]",1.0,0.0,0.0,0.0,3268791.0,145752.0,90117.386
1695563912.1311035,inference,"[[0.5155750388234103, 0.4844249611765898]]",0.0,0.0,0.0,0.0,3146110.0,142638.0,88374.561
1695563913.1412628,inference,"[[0.5155750388234103, 0.4844249611765898]]",0.0,0.0,0.0,0.0,3179740.0,142456.0,89446.411
1695563914.1465669,inference,"[[0.5155750388234103, 0.4844249611765898]]",1.0,0.0,0.0,0.0,3165763.0,142334.0,89015.707
1695563915.153783,inference,"[[0.5155750388234103, 0.4844249611765898]]",0.0,0.0,0.0,0.0,3104546.0,142456.0,87905.004
1695563916.1716862,inference,"[[0.5155750388234103, 0.4844249611765898]]",0.0,0.0,0.0,0.0,3129143.0,143920.0,88216.959
1695563917.176667,inference,"[[0.5155750388234103, 0.4844249611765898]]",0.0,0.0,0.0,0.0,3147453.0,141907.0,89591.849
1695563918.1735518,inference,"[[0.5155750388234103, 0.4844249611765898]]",0.0,0.0,0.0,0.0,3158378.0,143188.0,88820.034
1695563919.1851587,inference,"[[0.5155750388234103, 0.4844249611765898]]",1.0,0.0,0.0,0.0,3148613.0,141357.0,87783.064
1695563920.1949534,inference,"[[0.5155750388234103, 0.4844249611765898]]",0.0,0.0,0.0,0.0,3149039.0,142517.0,88670.992
1695563921.2159767,inference,"[[0.5155750388234103, 0.4844249611765898]]",0.0,0.0,0.0,0.0,3243583.0,146850.0,90677.934
1695563922.199869,inference,"[[0.5155750388234103, 0.4844249611765898]]",1.0,0.0,0.0,0.0,3214713.0,145203.0,90118.265
1695563923.205582,inference,"[[0.5155750388234103, 0.4844249611765898]]",1.0,0.0,0.0,0.0,3145256.0,141967.0,88398.633
1695563924.2310667,inference,"[[0.5155750388234103, 0.4844249611765898]]",0.0,0.0,0.0,0.0,3229240.0,146423.0,90375.553
1695563925.2264922,inference,"[[0.5155750388234103, 0.4844249611765898]]",1.0,0.0,0.0,0.0,3171989.0,142394.0,89377.134
1695563926.2606483,inference,"[[0.5155750388234103, 0.4844249611765898]]",0.0,0.0,0.0,0.0,3542594.0,151733.0,101270.533
1695563927.2455814,inference,"[[0.5155750388234103, 0.4844249611765898]]",0.0,0.0,0.0,0.0,3164299.0,143493.0,89394.164
1695563928.2521646,inference,"[[0.5155750388234103, 0.4844249611765898]]",1.0,0.0,0.0,0.0,3201896.0,144714.0,89445.708
1695563929.2526584,inference,"[[0.5155750388234103, 0.4844249611765898]]",0.0,0.0,0.0,0.0,3210990.0,144958.0,90281.704
1695563930.262101,inference,"[[0.5155750388234103, 0.4844249611765898]]",1.0,0.0,0.0,0.0,3260001.0,146240.0,91972.006
1695563931.2637968,inference,"[[0.5155750388234103, 0.4844249611765898]]",1.0,0.0,0.0,0.0,3230461.0,145263.0,91009.758
1695563932.2656505,inference,"[[0.5155750388234103, 0.4844249611765898]]",0.0,0.0,0.0,0.0,3166679.0,144165.0,88941.234
1695563933.2708342,inference,"[[0.5155750388234103, 0.4844249611765898]]",0.0,0.0,0.0,0.0,3106926.0,142028.0,88562.247
1695563934.2899258,inference,"[[0.5155750388234103, 0.4844249611765898]]",0.0,0.0,0.0,0.0,3211174.0,144714.0,89848.836
1695563935.2943482,inference,"[[0.5155750388234103, 0.4844249611765898]]",0.0,0.0,0.0,0.0,3156059.0,146423.0,88697.806
1695563936.3111324,inference,"[[0.5155750388234103, 0.4844249611765898]]",1.0,0.0,0.0,0.0,3178703.0,144775.0,89911.612
1695563937.3055124,inference,"[[0.5155750388234103, 0.4844249611765898]]",1.0,0.0,0.0,0.0,3209770.0,144470.0,90480.004
1695563938.3166945,inference,"[[0.5155750388234103, 0.4844249611765898]]",1.0,0.0,0.0,0.0,3146660.0,142578.0,89101.297
1695563939.3190124,inference,"[[0.5155750388234103, 0.4844249611765898]]",0.0,0.0,0.0,0.0,3192009.0,144775.0,90773.888
1695563940.3250432,inference,"[[0.5155750388234103, 0.4844249611765898]]",1.0,0.0,0.0,0.0,3160210.0,143432.0,89431.304
1695563941.3298173,inference,"[[0.5155750388234103, 0.4844249611765898]]",0.0,0.0,0.0,0.0,3145256.0,142456.0,88491.243
1695563942.3576753,inference,"[[0.5155750388234103, 0.4844249611765898]]",1.0,0.0,0.0,0.0,3187980.0,143676.0,89380.603
1695563943.3541996,inference,"[[0.5155750388234103, 0.4844249611765898]]",0.0,0.0,0.0,0.0,3154533.0,142944.0,88961.926
1695563944.3480592,inference,"[[0.5155750388234103, 0.4844249611765898]]",0.0,0.0,0.0,0.0,3158745.0,141479.0,88654.534
1695563945.354208,inference,"[[0.5155750388234103, 0.4844249611765898]]",0.0,0.0,0.0,0.0,3151970.0,142273.0,89199.499
1695563946.3588076,inference,"[[0.5155750388234103, 0.4844249611765898]]",0.0,0.0,0.0,0.0,3135002.0,142456.0,88261.878
1695563947.366768,inference,"[[0.5155750388234103, 0.4844249611765898]]",1.0,0.0,0.0,0.0,3130607.0,142395.0,88723.816
1695563948.3763041,inference,"[[0.5155750388234103, 0.4844249611765898]]",0.0,0.0,0.0,0.0,3171928.0,143493.0,89102.361
1695563949.4197505,inference,"[[0.5155750388234103, 0.4844249611765898]]",1.0,0.0,0.0,0.0,3510306.0,152404.0,98600.271
1695563950.3895237,inference,"[[0.5155750388234103, 0.4844249611765898]]",1.0,0.0,0.0,0.0,3150749.0,143310.0,89947.073
1695563951.411113,inference,"[[0.5155750388234103, 0.4844249611765898]]",1.0,0.0,0.0,0.0,3192619.0,143920.0,89784.48
1695563952.4442813,inference,"[[0.5155750388234103, 0.4844249611765898]]",1.0,0.0,0.0,0.0,3166740.0,142944.0,89412.554
1695563953.4254956,inference,"[[0.5155750388234103, 0.4844249611765898]]",0.0,0.0,0.0,0.0,3133903.0,144775.0,88195.745
1695563954.413615,inference,"[[0.5155750388234103, 0.4844249611765898]]",1.0,0.0,0.0,0.0,3223076.0,144226.0,89016.473
1695563955.4203253,inference,"[[0.5155750388234103, 0.4844249611765898]]",0.0,0.0,0.0,0.0,3202629.0,144104.0,89921.355
1695563956.4238193,inference,"[[0.5155750388234103, 0.4844249611765898]]",1.0,0.0,0.0,0.0,3229851.0,143554.0,90715.895
1695563957.429392,inference,"[[0.5155750388234103, 0.4844249611765898]]",0.0,0.0,0.0,0.0,3152396.0,140381.0,87601.295
1695563958.434338,inference,"[[0.5155750388234103, 0.4844249611765898]]",1.0,0.0,0.0,0.0,3144585.0,142456.0,88456.857
1695564250.4365273,retraining,-1,0.5151785714285714,0.0,0.0,0.0,9678069524.0,663074963.0,271968161.573
1695564259.6002817,inference,"[[0.5174167268508593, 0.48258327314914073]]",1.0,0.0,0.0,0.0,3286002.0,147827.0,91589.734
1695564260.5785494,inference,"[[0.5174167268508593, 0.48258327314914073]]",1.0,0.0,0.0,0.0,3575003.0,155700.0,99919.347
1695564261.628041,inference,"[[0.5174167268508593, 0.48258327314914073]]",1.0,0.0,0.0,0.0,3283805.0,152954.0,92209.327
1695564262.6839216,inference,"[[0.5174167268508593, 0.48258327314914073]]",1.0,0.0,0.0,0.0,3308524.0,146911.0,93026.017
1695564263.6302094,inference,"[[0.5174167268508593, 0.48258327314914073]]",0.0,0.0,0.0,0.0,3279960.0,147033.0,91514.284
1695564264.6415756,inference,"[[0.5174167268508593, 0.48258327314914073]]",1.0,0.0,0.0,0.0,3216117.0,145263.0,90361.961
1695564265.6430752,inference,"[[0.5174167268508593, 0.48258327314914073]]",1.0,0.0,0.0,0.0,3272697.0,149231.0,91440.209
1695564266.654206,inference,"[[0.5174167268508593, 0.48258327314914073]]",0.0,0.0,0.0,0.0,3199393.0,144470.0,90308.945
1695564267.6599772,inference,"[[0.5174167268508593, 0.48258327314914073]]",0.0,0.0,0.0,0.0,3231010.0,145508.0,90267.642
1695564268.6716816,inference,"[[0.5174167268508593, 0.48258327314914073]]",1.0,0.0,0.0,0.0,3338859.0,150085.0,94941.699
1695564269.6709917,inference,"[[0.5174167268508593, 0.48258327314914073]]",1.0,0.0,0.0,0.0,3278922.0,146606.0,91895.624
1695564270.6799161,inference,"[[0.5174167268508593, 0.48258327314914073]]",0.0,0.0,0.0,0.0,3271720.0,147888.0,91253.745
1695564271.690066,inference,"[[0.5174167268508593, 0.48258327314914073]]",1.0,0.0,0.0,0.0,3239006.0,145690.0,90958.049
1695564272.6993802,inference,"[[0.5174167268508593, 0.48258327314914073]]",1.0,0.0,0.0,0.0,3236869.0,145325.0,91236.099
1695564273.6991434,inference,"[[0.5174167268508593, 0.48258327314914073]]",0.0,0.0,0.0,0.0,3257377.0,146118.0,91735.279
1695564274.71013,inference,"[[0.5174167268508593, 0.48258327314914073]]",0.0,0.0,0.0,0.0,3186149.0,144470.0,89444.711
1695564275.7388544,inference,"[[0.5174167268508593, 0.48258327314914073]]",1.0,0.0,0.0,0.0,3192314.0,145324.0,90517.554
1695564276.7375464,inference,"[[0.5174167268508593, 0.48258327314914073]]",0.0,0.0,0.0,0.0,3242302.0,145996.0,90762.275
1695564277.7331965,inference,"[[0.5174167268508593, 0.48258327314914073]]",0.0,0.0,0.0,0.0,3167960.0,144103.0,90070.426
1695564278.7535777,inference,"[[0.5174167268508593, 0.48258327314914073]]",0.0,0.0,0.0,0.0,3196769.0,145325.0,90364.018
1695564279.7419214,inference,"[[0.5174167268508593, 0.48258327314914073]]",1.0,0.0,0.0,0.0,3204032.0,145263.0,90774.366
1695564280.7732866,inference,"[[0.5174167268508593, 0.48258327314914073]]",0.0,0.0,0.0,0.0,3202201.0,145142.0,90183.91
1695564281.7537637,inference,"[[0.5174167268508593, 0.48258327314914073]]",0.0,0.0,0.0,0.0,3200737.0,145630.0,90234.289
1695564282.7747548,inference,"[[0.5174167268508593, 0.48258327314914073]]",1.0,0.0,0.0,0.0,3264091.0,146667.0,90851.877
1695564283.7592564,inference,"[[0.5174167268508593, 0.48258327314914073]]",0.0,0.0,0.0,0.0,3217338.0,146057.0,90296.39
1695564284.769217,inference,"[[0.5174167268508593, 0.48258327314914073]]",0.0,0.0,0.0,0.0,3274040.0,147705.0,91297.324
1695564285.7756407,inference,"[[0.5174167268508593, 0.48258327314914073]]",1.0,0.0,0.0,0.0,3192313.0,145752.0,90816.724
1695564286.7928686,inference,"[[0.5174167268508593, 0.48258327314914073]]",0.0,0.0,0.0,0.0,3214530.0,146179.0,91105.836
1695564287.8116632,inference,"[[0.5174167268508593, 0.48258327314914073]]",1.0,0.0,0.0,0.0,3281363.0,148009.0,91877.191
1695564288.8575277,inference,"[[0.5174167268508593, 0.48258327314914073]]",1.0,0.0,0.0,0.0,3210197.0,144958.0,90252.462
1695564289.8426359,inference,"[[0.5174167268508593, 0.48258327314914073]]",0.0,0.0,0.0,0.0,3211784.0,145507.0,91317.648
1695564290.8050773,inference,"[[0.5174167268508593, 0.48258327314914073]]",1.0,0.0,0.0,0.0,3257865.0,147949.0,90961.452
1695564291.8220294,inference,"[[0.5174167268508593, 0.48258327314914073]]",1.0,0.0,0.0,0.0,3274100.0,146728.0,91981.873
1695564292.8271267,inference,"[[0.5174167268508593, 0.48258327314914073]]",0.0,0.0,0.0,0.0,3164238.0,143310.0,89584.298
1695564293.841226,inference,"[[0.5174167268508593, 0.48258327314914073]]",1.0,0.0,0.0,0.0,3180961.0,147034.0,90305.983
1695564294.834518,inference,"[[0.5174167268508593, 0.48258327314914073]]",1.0,0.0,0.0,0.0,3274162.0,147522.0,91721.214
1695564295.8377073,inference,"[[0.5174167268508593, 0.48258327314914073]]",1.0,0.0,0.0,0.0,3302665.0,147460.0,92320.547
1695564296.8433557,inference,"[[0.5174167268508593, 0.48258327314914073]]",1.0,0.0,0.0,0.0,3150810.0,144226.0,89684.42
1695564297.8752189,inference,"[[0.5174167268508593, 0.48258327314914073]]",1.0,0.0,0.0,0.0,3197318.0,143859.0,90727.58
1695564298.8636806,inference,"[[0.5174167268508593, 0.48258327314914073]]",0.0,0.0,0.0,0.0,3230888.0,144408.0,90229.997
1695564299.8935978,inference,"[[0.5174167268508593, 0.48258327314914073]]",1.0,0.0,0.0,0.0,3291191.0,150879.0,91397.532
1695564300.8821924,inference,"[[0.5174167268508593, 0.48258327314914073]]",0.0,0.0,0.0,0.0,3195731.0,144348.0,90443.179
1695564301.8811774,inference,"[[0.5174167268508593, 0.48258327314914073]]",1.0,0.0,0.0,0.0,3198600.0,144226.0,90305.105
1695564302.887726,inference,"[[0.5174167268508593, 0.48258327314914073]]",1.0,0.0,0.0,0.0,3221733.0,146179.0,90515.157
1695564303.895437,inference,"[[0.5174167268508593, 0.48258327314914073]]",0.0,0.0,0.0,0.0,3234855.0,145507.0,91926.373
1695564304.9063013,inference,"[[0.5174167268508593, 0.48258327314914073]]",1.0,0.0,0.0,0.0,3318717.0,147765.0,92647.161
1695564305.9372854,inference,"[[0.5174167268508593, 0.48258327314914073]]",1.0,0.0,0.0,0.0,3211112.0,145325.0,90255.009
1695564306.965266,inference,"[[0.5174167268508593, 0.48258327314914073]]",0.0,0.0,0.0,0.0,3190544.0,145202.0,90406.452
1695564307.9290304,inference,"[[0.5174167268508593, 0.48258327314914073]]",0.0,0.0,0.0,0.0,3635977.0,159546.0,94157.093
1695564308.943646,inference,"[[0.5174167268508593, 0.48258327314914073]]",0.0,0.0,0.0,0.0,3227531.0,145874.0,90713.571
1695564309.9473364,inference,"[[0.5174167268508593, 0.48258327314914073]]",0.0,0.0,0.0,0.0,3196464.0,144958.0,90145.029
1695564310.9523497,inference,"[[0.5174167268508593, 0.48258327314914073]]",0.0,0.0,0.0,0.0,3186698.0,144409.0,90475.567
1695564311.9706728,inference,"[[0.5174167268508593, 0.48258327314914073]]",1.0,0.0,0.0,0.0,3324394.0,147827.0,93597.042
1695564312.9685721,inference,"[[0.5174167268508593, 0.48258327314914073]]",1.0,0.0,0.0,0.0,3249015.0,146728.0,91090.949
1695564313.972969,inference,"[[0.5174167268508593, 0.48258327314914073]]",0.0,0.0,0.0,0.0,3264518.0,146912.0,91357.251
1695564315.0038924,inference,"[[0.5174167268508593, 0.48258327314914073]]",0.0,0.0,0.0,0.0,3232780.0,146362.0,90180.022
1695564315.9885511,inference,"[[0.5174167268508593, 0.48258327314914073]]",1.0,0.0,0.0,0.0,3260856.0,147644.0,90999.886
1695564316.9876342,inference,"[[0.5174167268508593, 0.48258327314914073]]",0.0,0.0,0.0,0.0,3203300.0,145385.0,90256.961
1695564317.9956977,inference,"[[0.5174167268508593, 0.48258327314914073]]",0.0,0.0,0.0,0.0,3161246.0,143982.0,89845.041
1695564319.0091453,inference,"[[0.5174167268508593, 0.48258327314914073]]",1.0,0.0,0.0,0.0,3284232.0,149048.0,91461.006
1695564620.8281233,retraining,-1,0.5026501766784452,0.0035398230088495575,1.0,0.0017730496453900709,10001130586.0,684654314.0,280939881.754
1695564622.1678386,inference,"[[0.5207213411131251, 0.47927865888687504]]",0.0,0.0,0.0,0.0,3307670.0,148681.0,92033.52
1695564623.1582184,inference,"[[0.5207213411131251, 0.47927865888687504]]",0.0,0.0,0.0,0.0,3599844.0,155700.0,100628.384
1695564624.174864,inference,"[[0.5207213411131251, 0.47927865888687504]]",0.0,0.0,0.0,0.0,3335929.0,148803.0,92441.486
1695564625.1741369,inference,"[[0.5207213411131251, 0.47927865888687504]]",1.0,0.0,0.0,0.0,3323172.0,150268.0,92598.699
1695564626.2121472,inference,"[[0.5207213411131251, 0.47927865888687504]]",0.0,0.0,0.0,0.0,3796560.0,163635.0,96383.169
1695564627.1971123,inference,"[[0.5207213411131251, 0.47927865888687504]]",1.0,0.0,0.0,0.0,3377250.0,150268.0,93254.293
1695564628.2046282,inference,"[[0.5207213411131251, 0.47927865888687504]]",0.0,0.0,0.0,0.0,3351798.0,151061.0,92256.128
1695564629.1887558,inference,"[[0.5207213411131251, 0.47927865888687504]]",1.0,0.0,0.0,0.0,3356132.0,150574.0,92736.273
1695564630.197715,inference,"[[0.5207213411131251, 0.47927865888687504]]",0.0,0.0,0.0,0.0,3382621.0,152344.0,93100.527
1695564631.2280595,inference,"[[0.5207213411131251, 0.47927865888687504]]",1.0,0.0,0.0,0.0,3392203.0,155212.0,92816.364
1695564632.2343338,inference,"[[0.5207213411131251, 0.47927865888687504]]",1.0,0.0,0.0,0.0,3306693.0,149780.0,91368.124
1695564633.2554615,inference,"[[0.5207213411131251, 0.47927865888687504]]",1.0,0.0,0.0,0.0,3403617.0,150940.0,94613.599
1695564634.2494678,inference,"[[0.5207213411131251, 0.47927865888687504]]",0.0,0.0,0.0,0.0,3331962.0,149169.0,92622.603
1695564635.249225,inference,"[[0.5207213411131251, 0.47927865888687504]]",0.0,0.0,0.0,0.0,3823782.0,163879.0,95051.783
1695564636.261068,inference,"[[0.5207213411131251, 0.47927865888687504]]",0.0,0.0,0.0,0.0,3352714.0,149047.0,92908.741
1695564637.2565646,inference,"[[0.5207213411131251, 0.47927865888687504]]",0.0,0.0,0.0,0.0,3288504.0,147582.0,91436.121
1695564638.264914,inference,"[[0.5207213411131251, 0.47927865888687504]]",0.0,0.0,0.0,0.0,3371695.0,151245.0,93064.55
1695564639.345636,inference,"[[0.5207213411131251, 0.47927865888687504]]",1.0,0.0,0.0,0.0,3353385.0,148010.0,93577.949
1695564640.2830544,inference,"[[0.5207213411131251, 0.47927865888687504]]",1.0,0.0,0.0,0.0,3279289.0,148803.0,91671.098
1695564641.2954972,inference,"[[0.5207213411131251, 0.47927865888687504]]",1.0,0.0,0.0,0.0,3331901.0,149841.0,93346.265
1695564642.3265858,inference,"[[0.5207213411131251, 0.47927865888687504]]",1.0,0.0,0.0,0.0,3327506.0,147461.0,92575.816
1695564643.3129501,inference,"[[0.5207213411131251, 0.47927865888687504]]",1.0,0.0,0.0,0.0,3340446.0,150207.0,93297.291
1695564644.303708,inference,"[[0.5207213411131251, 0.47927865888687504]]",0.0,0.0,0.0,0.0,3255790.0,147521.0,92495.888
1695564645.338641,inference,"[[0.5207213411131251, 0.47927865888687504]]",0.0,0.0,0.0,0.0,3244865.0,146606.0,91193.544
1695564646.332267,inference,"[[0.5207213411131251, 0.47927865888687504]]",1.0,0.0,0.0,0.0,3355765.0,150268.0,94103.262
1695564647.3412688,inference,"[[0.5207213411131251, 0.47927865888687504]]",1.0,0.0,0.0,0.0,3864370.0,166076.0,96816.827
1695564648.3673468,inference,"[[0.5207213411131251, 0.47927865888687504]]",1.0,0.0,0.0,0.0,3439139.0,151855.0,94240.851
1695564649.3425548,inference,"[[0.5207213411131251, 0.47927865888687504]]",1.0,0.0,0.0,0.0,3334647.0,147949.0,93347.398
1695564650.353987,inference,"[[0.5207213411131251, 0.47927865888687504]]",1.0,0.0,0.0,0.0,3296806.0,149475.0,91988.36
1695564651.3532698,inference,"[[0.5207213411131251, 0.47927865888687504]]",1.0,0.0,0.0,0.0,3411368.0,153076.0,94359.617
1695564652.3618271,inference,"[[0.5207213411131251, 0.47927865888687504]]",0.0,0.0,0.0,0.0,3286430.0,148376.0,92498.247
1695564653.3717992,inference,"[[0.5207213411131251, 0.47927865888687504]]",1.0,0.0,0.0,0.0,3368644.0,150329.0,94018.521
1695564654.3713772,inference,"[[0.5207213411131251, 0.47927865888687504]]",1.0,0.0,0.0,0.0,3414542.0,150756.0,94718.752
1695564655.4105713,inference,"[[0.5207213411131251, 0.47927865888687504]]",1.0,0.0,0.0,0.0,3320792.0,150452.0,92978.682
1695564656.405785,inference,"[[0.5207213411131251, 0.47927865888687504]]",0.0,0.0,0.0,0.0,3375053.0,151855.0,93620.235
1695564657.4030228,inference,"[[0.5207213411131251, 0.47927865888687504]]",0.0,0.0,0.0,0.0,3309073.0,149780.0,92617.492
1695564658.4017246,inference,"[[0.5207213411131251, 0.47927865888687504]]",1.0,0.0,0.0,0.0,3324454.0,149597.0,93233.275
1695564659.415903,inference,"[[0.5207213411131251, 0.47927865888687504]]",0.0,0.0,0.0,0.0,3327201.0,149963.0,92906.279
1695564660.4324431,inference,"[[0.5207213411131251, 0.47927865888687504]]",1.0,0.0,0.0,0.0,3540580.0,160522.0,98059.573
1695564661.4635108,inference,"[[0.5207213411131251, 0.47927865888687504]]",1.0,0.0,0.0,0.0,3361502.0,151977.0,93333.105
1695564662.4253516,inference,"[[0.5207213411131251, 0.47927865888687504]]",0.0,0.0,0.0,0.0,3372794.0,151611.0,93028.951
1695564663.4366877,inference,"[[0.5207213411131251, 0.47927865888687504]]",1.0,0.0,0.0,0.0,3403067.0,153503.0,93545.642
1695564664.439511,inference,"[[0.5207213411131251, 0.47927865888687504]]",1.0,0.0,0.0,0.0,3345267.0,150512.0,92597.155
1695564665.453203,inference,"[[0.5207213411131251, 0.47927865888687504]]",0.0,0.0,0.0,0.0,3365164.0,152282.0,93689.541
1695564666.4633503,inference,"[[0.5207213411131251, 0.47927865888687504]]",0.0,0.0,0.0,0.0,3340690.0,153197.0,93282.163
1695564667.4605525,inference,"[[0.5207213411131251, 0.47927865888687504]]",0.0,0.0,0.0,0.0,3360160.0,153320.0,93306.146
1695564668.4666476,inference,"[[0.5207213411131251, 0.47927865888687504]]",1.0,0.0,0.0,0.0,3340568.0,150574.0,92247.97
1695564669.474404,inference,"[[0.5207213411131251, 0.47927865888687504]]",1.0,0.0,0.0,0.0,3409476.0,153747.0,94434.545
1695564670.4859118,inference,"[[0.5207213411131251, 0.47927865888687504]]",1.0,0.0,0.0,0.0,3466544.0,153808.0,97031.131
1695564671.491725,inference,"[[0.5207213411131251, 0.47927865888687504]]",0.0,0.0,0.0,0.0,3460563.0,157470.0,95933.983
1695564672.4955428,inference,"[[0.5207213411131251, 0.47927865888687504]]",1.0,0.0,0.0,0.0,3338431.0,151855.0,92991.686
1695564673.5267968,inference,"[[0.5207213411131251, 0.47927865888687504]]",1.0,0.0,0.0,0.0,3286734.0,150451.0,92216.403
1695564674.517638,inference,"[[0.5207213411131251, 0.47927865888687504]]",0.0,0.0,0.0,0.0,3309562.0,151184.0,93325.917
1695564675.5199058,inference,"[[0.5207213411131251, 0.47927865888687504]]",1.0,0.0,0.0,0.0,3346671.0,150512.0,94190.601
1695564676.5217845,inference,"[[0.5207213411131251, 0.47927865888687504]]",1.0,0.0,0.0,0.0,3368827.0,151123.0,95064.338
1695564677.5342746,inference,"[[0.5207213411131251, 0.47927865888687504]]",1.0,0.0,0.0,0.0,3301932.0,149474.0,93149.707
1695564678.5382738,inference,"[[0.5207213411131251, 0.47927865888687504]]",1.0,0.0,0.0,0.0,3278007.0,148925.0,91796.157
1695564679.54339,inference,"[[0.5207213411131251, 0.47927865888687504]]",0.0,0.0,0.0,0.0,3279045.0,149597.0,91680.491
1695564992.1706321,retraining,-1,0.48164335664335667,0.0,0.0,0.0,10425228927.0,708783891.0,291643442.087
1695564992.780783,inference,"[[0.5265605904601012, 0.47343940953989894]]",0.0,0.0,0.0,0.0,3691580.0,164856.0,97398.771
1695564993.802468,inference,"[[0.5265605904601012, 0.47343940953989894]]",1.0,0.0,0.0,0.0,4226307.0,172179.0,106621.941
1695564994.7790272,inference,"[[0.5265605904601012, 0.47343940953989894]]",0.0,0.0,0.0,0.0,3380118.0,151367.0,93542.932
1695564995.7840452,inference,"[[0.5265605904601012, 0.47343940953989894]]",1.0,0.0,0.0,0.0,3385489.0,151611.0,93451.314
1695564996.7786348,inference,"[[0.5265605904601012, 0.47343940953989894]]",0.0,0.0,0.0,0.0,3293815.0,148132.0,92582.868
1695564997.8383248,inference,"[[0.5265605904601012, 0.47343940953989894]]",0.0,0.0,0.0,0.0,3340507.0,150146.0,93527.052
1695564998.8317027,inference,"[[0.5265605904601012, 0.47343940953989894]]",1.0,0.0,0.0,0.0,3355400.0,150146.0,93376.248
1695564999.8401892,inference,"[[0.5265605904601012, 0.47343940953989894]]",0.0,0.0,0.0,0.0,3322318.0,149292.0,93159.169
1695565000.8537693,inference,"[[0.5265605904601012, 0.47343940953989894]]",1.0,0.0,0.0,0.0,3358024.0,151062.0,94448.563
1695565001.859435,inference,"[[0.5265605904601012, 0.47343940953989894]]",0.0,0.0,0.0,0.0,3386465.0,150696.0,94481.99
1695565002.8650284,inference,"[[0.5265605904601012, 0.47343940953989894]]",1.0,0.0,0.0,0.0,3392997.0,156311.0,93936.609
1695565003.8695464,inference,"[[0.5265605904601012, 0.47343940953989894]]",0.0,0.0,0.0,0.0,3294975.0,149597.0,92909.787
1695565004.8725266,inference,"[[0.5265605904601012, 0.47343940953989894]]",1.0,0.0,0.0,0.0,3332205.0,150085.0,92845.334
1695565005.896495,inference,"[[0.5265605904601012, 0.47343940953989894]]",1.0,0.0,0.0,0.0,3365043.0,151123.0,93773.41
1695565006.8878982,inference,"[[0.5265605904601012, 0.47343940953989894]]",1.0,0.0,0.0,0.0,3363334.0,149658.0,94601.285
1695565007.9223154,inference,"[[0.5265605904601012, 0.47343940953989894]]",1.0,0.0,0.0,0.0,3412833.0,154418.0,95266.815
1695565008.8986022,inference,"[[0.5265605904601012, 0.47343940953989894]]",0.0,0.0,0.0,0.0,3340384.0,151367.0,93703.672
1695565009.9124625,inference,"[[0.5265605904601012, 0.47343940953989894]]",1.0,0.0,0.0,0.0,3445731.0,152832.0,96539.844
1695565010.913972,inference,"[[0.5265605904601012, 0.47343940953989894]]",0.0,0.0,0.0,0.0,3266899.0,148376.0,92134.916
1695565011.92381,inference,"[[0.5265605904601012, 0.47343940953989894]]",1.0,0.0,0.0,0.0,3317130.0,150268.0,92777.065
1695565012.9792807,inference,"[[0.5265605904601012, 0.47343940953989894]]",1.0,0.0,0.0,0.0,3490226.0,155945.0,95375.295
1695565014.012088,inference,"[[0.5265605904601012, 0.47343940953989894]]",0.0,0.0,0.0,0.0,3399039.0,154174.0,95114.121
1695565014.948897,inference,"[[0.5265605904601012, 0.47343940953989894]]",0.0,0.0,0.0,0.0,3425284.0,154357.0,97054.906
1695565015.9514084,inference,"[[0.5265605904601012, 0.47343940953989894]]",1.0,0.0,0.0,0.0,3398856.0,150818.0,94083.028
1695565016.9691188,inference,"[[0.5265605904601012, 0.47343940953989894]]",0.0,0.0,0.0,0.0,3314994.0,148742.0,93400.46
1695565017.9810386,inference,"[[0.5265605904601012, 0.47343940953989894]]",1.0,0.0,0.0,0.0,3404898.0,155029.0,94953.995
1695565018.9887404,inference,"[[0.5265605904601012, 0.47343940953989894]]",1.0,0.0,0.0,0.0,3904470.0,166259.0,98827.052
1695565019.9858046,inference,"[[0.5265605904601012, 0.47343940953989894]]",0.0,0.0,0.0,0.0,3329093.0,150329.0,94158.774
1695565020.980903,inference,"[[0.5265605904601012, 0.47343940953989894]]",0.0,0.0,0.0,0.0,3278861.0,149414.0,92143.513
1695565021.9891524,inference,"[[0.5265605904601012, 0.47343940953989894]]",0.0,0.0,0.0,0.0,3359794.0,150085.0,94331.463
1695565023.02023,inference,"[[0.5265605904601012, 0.47343940953989894]]",1.0,0.0,0.0,0.0,3350272.0,151489.0,93477.066
1695565024.0050282,inference,"[[0.5265605904601012, 0.47343940953989894]]",0.0,0.0,0.0,0.0,3373709.0,153747.0,93739.022
1695565025.0495048,inference,"[[0.5265605904601012, 0.47343940953989894]]",0.0,0.0,0.0,0.0,3399466.0,154236.0,93306.091
1695565026.0698133,inference,"[[0.5265605904601012, 0.47343940953989894]]",1.0,0.0,0.0,0.0,3394340.0,153320.0,93507.109
1695565027.06587,inference,"[[0.5265605904601012, 0.47343940953989894]]",1.0,0.0,0.0,0.0,4164479.0,182067.0,113473.575
1695565028.0911674,inference,"[[0.5265605904601012, 0.47343940953989894]]",0.0,0.0,0.0,0.0,3373953.0,151671.0,93054.504
1695565029.0447166,inference,"[[0.5265605904601012, 0.47343940953989894]]",1.0,0.0,0.0,0.0,3432608.0,153198.0,96026.295
1695565030.0532093,inference,"[[0.5265605904601012, 0.47343940953989894]]",1.0,0.0,0.0,0.0,3448966.0,153015.0,95626.349
1695565031.0521264,inference,"[[0.5265605904601012, 0.47343940953989894]]",0.0,0.0,0.0,0.0,3372611.0,150879.0,94496.269
1695565032.081284,inference,"[[0.5265605904601012, 0.47343940953989894]]",1.0,0.0,0.0,0.0,3378165.0,153930.0,94600.381
1695565033.0638797,inference,"[[0.5265605904601012, 0.47343940953989894]]",1.0,0.0,0.0,0.0,3357719.0,150940.0,93171.695
1695565034.0735247,inference,"[[0.5265605904601012, 0.47343940953989894]]",1.0,0.0,0.0,0.0,3426688.0,153076.0,96754.697
1695565035.0778193,inference,"[[0.5265605904601012, 0.47343940953989894]]",0.0,0.0,0.0,0.0,3349296.0,152588.0,92354.808
1695565036.1368978,inference,"[[0.5265605904601012, 0.47343940953989894]]",0.0,0.0,0.0,0.0,3318534.0,151733.0,93457.096
1695565037.1004584,inference,"[[0.5265605904601012, 0.47343940953989894]]",1.0,0.0,0.0,0.0,3453239.0,153564.0,96327.053
1695565038.1105702,inference,"[[0.5265605904601012, 0.47343940953989894]]",0.0,0.0,0.0,0.0,3479666.0,155395.0,98541.307
1695565039.1041195,inference,"[[0.5265605904601012, 0.47343940953989894]]",1.0,0.0,0.0,0.0,3431082.0,154724.0,94716.096
1695565040.107752,inference,"[[0.5265605904601012, 0.47343940953989894]]",0.0,0.0,0.0,0.0,3375358.0,153137.0,93915.316
1695565360.893081,retraining,-1,0.5025951557093425,0.0034662045060658577,1.0,0.001736111111111111,10688138593.0,730000207.0,299404556.896
1695565366.7941732,inference,"[[0.5228570685849303, 0.47714293141506964]]",1.0,0.0,0.0,0.0,3897756.0,169616.0,103590.327
1695565397.3613389,inference,"[[0.5228570685849303, 0.47714293141506964]]",0.0,0.0,0.0,0.0,5437181.0,215087.0,134486.496
1695565721.7707536,inference,"[[0.5228570685849303, 0.47714293141506964]]",1.0,0.0,0.0,0.0,6025863.0,337279.0,135081.366
1695565731.4607744,retraining,-1,0.5008561643835616,0.003418803418803419,1.0,0.0017123287671232876,11005173426.0,752227078.0,308492903.159
1695566106.5274189,retraining,-1,0.48559322033898306,0.0032840722495894904,1.0,0.001644736842105263,12024571451.0,800738246.0,322524040.945
